Makanan,Kategori,Energi,Protein,Lemak,Karbohidrat,Berat
Abon haruwan,Lauk hewani,5.13,0.237,0.37,0.213,100
Abon ikan,Lauk hewani,4.35,0.272,0.20199999999999999,0.361,100
"Akar tonjong, segar",Sayuran,0.45,0.011000000000000001,0.004,0.10800000000000001,100
"Ale, toge, segar",Sayuran,0.37,0.044000000000000004,0.005,0.038,100
"Alpukat, segar",Buah,0.85,0.009000000000000001,0.065,0.077,100
Amparan tatak,Snack,1.91,0.013000000000000001,0.055,0.34,100
Ampas kacang hijau,Sayuran,0.96,0.037000000000000005,0.006,0.191,100
Ampas tahu kukus,Sayuran,0.75,0.040999999999999995,0.021,0.107,100
"Ampas tahu, kering",Sayuran,4.14,0.266,0.183,0.413,100
"Ampas tahu, mentah",Sayuran,0.67,0.05,0.021,0.081,100
"Anak sapi, daging, gemuk, segar",Lauk Hewani,1.84,0.188,0.14,0.0,100
"Anak sapi, daging, kurus, segar",Lauk Hewani,1.74,0.196,0.1,0.0,100
"Anak sapi, daging, sedang, segar",Lauk Hewani,1.9,0.191,0.12,0.0,100
"Andaliman, segar",Sayuran,0.99,0.046,0.01,0.18,100
"Andewi, segar",Sayuran,2.26,0.016,0.002,0.053,100
"Anggur hutan, segar",Buah,0.3,0.005,0.002,0.068,100
"Angsa, daging, segar",Lauk Hewani,3.49,0.16399999999999998,0.315,0.0,100
"Anyang, sayur",Sayuran,1.26,0.034,0.079,0.10300000000000001,100
"Apang kukus, kue",Snack,2.02,0.03,0.003,0.467,100
"Apel malang, segar",Buah,0.57,0.005,0.004,0.128,100
"Apel, segar",Buah,0.58,0.003,0.004,0.149,100
"Apem, kue",Snack,1.48,0.02,0.005,0.33899999999999997,100
"Arbai, segar",Buah,0.37,0.008,0.005,0.083,100
"Ares, sayur",Sayuran,1.13,0.009000000000000001,0.07200000000000001,0.11199999999999999,100
"Arrowroot, segar",Snack,1.02,0.01,0.002,0.24100000000000002,100
Arwan sirsir,Sayuran,2.77,0.024,0.25,0.107,100
"Asam arang coklat, segar",Bahan olahan,1.3,0.005,0.011000000000000001,0.309,100
"Asam arang merah, segar",Bahan olahan,0.99,0.008,0.016,0.203,100
"Asam kandis, segar",Bahan olahan,0.75,0.002,0.011000000000000001,0.161,100
"Asam masak pohon, segar",Bahan olahan,2.67,0.027999999999999997,0.006,0.625,100
"Asam payak, segar",Bahan olahan,1.35,0.008,0.004,0.321,100
"Asan kandis, kering",Bahan olahan,2.61,0.009000000000000001,0.016,0.633,100
"Asinan Bogor, sayuran",Sayuran,0.98,0.039,0.026000000000000002,0.14800000000000002,100
"Ayam goreng church texas, dada",Lauk hewani,3.38,0.35200000000000004,0.20600000000000002,0.004,100
"Ayam goreng church texas, paha",Lauk hewani,2.95,0.34,0.16,0.015,100
"Ayam goreng church texas, sayap",Lauk hewani,2.87,0.31,0.157,0.017,100
"Ayam goreng kalasan, paha",Lauk hewani,2.75,0.374,0.122,0.013000000000000001,100
"Ayam goreng kentucky, dada",Lauk hewani,2.98,0.342,0.168,0.001,100
"Ayam goreng kentucky, paha",Lauk hewani,2.86,0.321,0.161,0.011000000000000001,100
"Ayam goreng kentucky, sayap",Lauk hewani,2.97,0.359,0.152,0.016,100
Ayam goreng mbok berek dada,Lauk hewani,2.95,0.392,0.136,0.01,100
"Ayam goreng pasundan, dada",Lauk hewani,2.46,0.379,0.09,0.006999999999999999,100
"Ayam goreng pasundan, paha",Lauk hewani,2.45,0.331,0.114,0.003,100
"Ayam goreng pioneer, dada",Lauk hewani,2.95,0.374,0.147,0.006,100
"Ayam goreng sukabumi, dada",Lauk hewani,2.44,0.36700000000000005,0.092,0.01,100
"Ayam goreng sukabumi, paha",Lauk hewani,2.83,0.35700000000000004,0.14300000000000002,0.005,100
"Ayam taliwang, masakan",Lauk hewani,2.64,0.182,0.201,0.027000000000000003,100
"Ayam, ampela, goreng",Lauk Hewani,2.7,0.32299999999999995,0.11199999999999999,0.099,100
"Ayam, daging, segar",Lauk Hewani,2.98,0.182,0.25,0.0,100
"Ayam, hati, segar",Lauk Hewani,2.61,0.27399999999999997,0.161,0.016,100
"Ayam, usus, goreng",Lauk Hewani,4.73,0.452,0.263,0.139,100
Bagea kelapa asin,Snack,4.5,0.032,0.139,0.7809999999999999,100
Bagea kelapa manis,Snack,4.52,0.013000000000000001,0.138,0.8059999999999999,100
Bagea kenari asin,Snack,5.29,0.032,0.29100000000000004,0.636,100
Bagea kenari manis,Snack,5.23,0.032,0.282,0.642,100
Bagea kw 1,Snack,4.16,0.065,0.094,0.763,100
Bagea kw 2,Snack,3.82,0.003,0.035,0.872,100
"Bakpia, kue",Snack,2.72,0.087,0.067,0.441,100
"Bakung, segar",Sayuran,0.27,0.02,0.002,0.042,100
Bakwan,Snack,2.8,0.08199999999999999,0.102,0.39,100
Balichong,Bahan olahan,1.52,0.132,0.008,0.22899999999999998,100
"Baligo, segar",Sayuran,0.15,0.004,0.002,0.03,100
Bantal,Snack,1.9,0.033,0.003,0.435,100
Barongko,Lauk Nabati,1.59,0.031,0.057999999999999996,0.235,100
Baruasa,Snack,4.17,0.065,0.08199999999999999,0.7929999999999999,100
Batar daan,Snack,1.07,0.022000000000000002,0.022000000000000002,0.196,100
"Batatas gembili, segar",Snack,0.76,0.011000000000000001,0.009000000000000001,0.16,100
"Batatas kelapa, ubi, bakar",Makanan Pokok,1.1,0.013999999999999999,0.011000000000000001,0.23399999999999999,100
"Batatas kelapa, ubi,kukus",Makanan Pokok,0.92,0.012,0.003,0.21,100
"Batatas kelapa, ubi,segar",Makanan Pokok,0.89,0.011000000000000001,0.001,0.21,100
"Batatas tali, ubi, rebus",Makanan Pokok,1.82,0.024,0.004,0.42200000000000004,100
"Bawang bombay, segar",Sayuran,0.43,0.013999999999999999,0.002,0.10300000000000001,100
"Bawang merah, segar",Bahan olahan,0.46,0.015,0.003,0.092,100
"Bawang putih, segar",Bahan olahan,1.12,0.045,0.002,0.231,100
"Bayam merah, segar",Sayuran,0.23,0.012,0.006,0.037000000000000005,100
"Bayam, kukus",Sayuran,0.41,0.022000000000000002,0.008,0.063,100
"Bayam, rebus",Sayuran,0.3,0.013000000000000001,0.006999999999999999,0.057999999999999996,100
"Bayam, segar",Sayuran,0.16,0.009000000000000001,0.004,0.028999999999999998,100
Bayau mi balu,Lauk hewani,3.13,0.06,0.122,0.44799999999999995,100
"Bebek (itik), daging, segar",Lauk Hewani,3.21,0.16,0.28600000000000003,0.0,100
"Bebek alabio, daging, segar",Lauk Hewani,3.03,0.113,0.27,0.037000000000000005,100
"Bebek, daging, goreng",Lauk Hewani,3.0,0.24,0.207,0.045,100
Beberuk,Lauk Nabati,0.65,0.011000000000000001,0.052000000000000005,0.035,100
Beef burger,Lauk hewani,2.58,0.106,0.095,0.325,100
"Beef teriyaki, masakan",Lauk hewani,1.51,0.086,0.031,0.223,100
"Beef yakiniku, masakan",Lauk hewani,1.32,0.098,0.011000000000000001,0.207,100
Bekasam,Bahan olahan,1.16,0.11900000000000001,0.049,0.061,100
Bekasang,Bahan olahan,0.78,0.114,0.02,0.036000000000000004,100
"Bekicot, dendeng, mentah",Lauk nabati,4.41,0.48700000000000004,0.203,0.158,100
"Belibis, daging, segar",Lauk Hewani,1.31,0.20199999999999999,0.043,0.027999999999999997,100
"Belimbing, segar",Buah,0.36,0.004,0.004,0.08800000000000001,100
"Belitung, talas, kukus",Makanan Pokok,1.45,0.012,0.004,0.342,100
"Belut, goreng",Lauk hewani,1.45,0.012,0.004,0.342,100
"Belut, laut, segar",Lauk hewani,4.17,0.259,0.19399999999999998,0.32,100
"Belut, segar",Lauk hewani,0.7,0.146,0.008,0.01,100
"Belut,laut, segar",Lauk hewani,0.93,0.128,0.015,0.061,100
"Bengkuang, segar",Buah,0.59,0.013999999999999999,0.002,0.128,100
"Bentul (Komba), talas, segar",Makanan Pokok,0.98,0.016,0.006999999999999999,0.209,100
"Bentul, talas, kukus",Makanan Pokok,0.71,0.023,0.003,0.154,100
Beras Cerdas,Makanan Pokok,3.5,0.027000000000000003,0.011000000000000001,0.823,100
Beras ganyong,Makanan Pokok,3.64,0.034,0.006999999999999999,0.863,100
"Beras merah, Nasi",Makanan Pokok,1.49,0.027999999999999997,0.004,0.325,100
Beras Siger,Makanan Pokok,3.44,0.011000000000000001,0.002,0.28300000000000003,100
"Beras, tapai",Makanan Pokok,0.99,0.017,0.003,0.22399999999999998,100
"Beras, tepung, mentah",Makanan Pokok,3.53,0.07,0.005,0.8,100
Betok wadi,Lauk hewani,1.45,0.163,0.07,0.040999999999999995,100
Bihun goreng instan,Makanan Pokok,3.81,0.061,0.039,0.8029999999999999,100
"Bihun Jagung, mentah",Makanan Pokok,3.54,0.005,0.003,0.8740000000000001,100
"Bihun, mentah",Makanan Pokok,3.48,0.047,0.001,0.821,100
Biji nangka/Biji salak,Snack,2.62,0.023,0.054000000000000006,0.511,100
Bika ambon,Snack,1.99,0.021,0.015,0.444,100
Bingka,Snack,2.73,0.053,0.106,0.391,100
Biskuit,Snack,4.58,0.069,0.14400000000000002,0.7509999999999999,100
"Bit, segar",Sayuran,0.41,0.016,0.001,0.096,100
"Biwah, segar",Buah,0.51,0.003,0.001,0.121,100
Bobengka,Snack,2.25,0.053,0.026000000000000002,0.452,100
Bolu peca,Snack,1.97,0.033,0.046,0.35600000000000004,100
"Boros kunci, segar",Bahan olahan,0.4,0.01,0.008,0.07200000000000001,100
"Boros laja (lengkuas), segar",Bahan olahan,0.26,0.01,0.003,0.047,100
Botok lamtoro,Lauk Nabati,1.86,0.11699999999999999,0.09699999999999999,0.13,100
Bou ninahu ndamate,Lauk hewani,0.79,0.063,0.01,0.011000000000000001,100
Bouiki ninahu nggaluku,Lauk hewani,0.94,0.078,0.022000000000000002,0.10800000000000001,100
Brem,Snack,2.49,0.034,0.004,0.58,100
Brongkos,Lauk hewani,1.41,0.153,0.033,0.126,100
"Buah atung, segar",Buah,0.23,0.008,0.002,0.052000000000000005,100
"Buah kelenting, segar",Buah,1.1,0.013999999999999999,0.021,0.214,100
Buah kelor,Buah,0.38,0.015,0.002,0.075,100
"Buah kom, segar",Buah,2.64,0.04,0.011000000000000001,0.596,100
"Buah mentega (Bisbul), segar",Buah,0.39,0.006999999999999999,0.002,0.09699999999999999,100
Buah merah,Buah,0.87,0.026000000000000002,0.027000000000000003,0.131,100
"Buah Naga Merah, segar",Buah,0.71,0.017,0.031,0.091,100
"Buah Naga Putih, segar",Buah,0.56,0.008,0.01,0.109,100
"Buah negri, segar",Buah,0.55,0.012,0.001,0.122,100
"Buah nona, segar",Buah,1.01,0.017,0.006,0.252,100
"Buah rotan, segar",Buah,0.78,0.006,0.003,0.182,100
"Buah rukam, segar",Buah,1.13,0.008,0.003,0.268,100
"Buah ruruhi, segar",Buah,0.29,0.021,0.006999999999999999,0.036000000000000004,100
"Buah tuppa, segar",Buah,0.67,0.004,0.002,0.159,100
Bubur sagu,Makanan Pokok,1.67,0.002,0.04,0.33,100
Bubur tinotuan (Manado),Snack,1.56,0.023,0.002,0.156,100
"Bulgogi, masakan",Lauk hewani,0.72,0.114,0.049,0.013999999999999999,100
"Buncis, rebus",Sayuran,0.3,0.022000000000000002,0.002,0.064,100
"Buncis, segar",Sayuran,0.34,0.024,0.003,0.07200000000000001,100
"Bunga pepaya, segar",Sayuran,0.45,0.026000000000000002,0.003,0.081,100
"Bunga turi, segar",Sayuran,0.42,0.02,0.011000000000000001,0.061,100
Bungkil biji karet,Sayuran,3.33,0.293,0.033,0.5,100
Bungkil kacang tanah,Sayuran,3.36,0.374,0.13,0.305,100
Bungkil kelapa,Sayuran,3.68,0.23,0.15,0.4,100
Buntil daun talas,Lauk Nabati,1.41,0.044000000000000004,0.102,0.08,100
"Burung, sarang, segar",Lauk Hewani,2.81,0.375,0.003,0.321,100
"Cabai gembor merah, segar",Bahan olahan,0.38,0.016,0.008,0.063,100
"Cabai hijau, segar",Bahan olahan,0.26,0.006999999999999999,0.003,0.052000000000000005,100
"Cabai merah, kering",Bahan olahan,3.67,0.159,0.062,0.618,100
"Cabai merah, segar",Bahan olahan,0.36,0.01,0.003,0.073,100
"Cabai rawit, segar",Bahan olahan,1.2,0.047,0.024,0.19899999999999998,100
"Caisin, segar",Sayuran,0.2,0.017,0.004,0.034,100
Cakalang asar (asap),Lauk hewani,1.55,0.201,0.038,0.102,100
Cake tape,Snack,3.23,0.049,0.115,0.501,100
Cammetutu,Sayuran,1.02,0.032,0.06,0.087,100
Cangkuning,Snack,2.04,0.027999999999999997,0.075,0.314,100
"Cap cai, sayur",Sayuran,0.97,0.057999999999999996,0.063,0.042,100
"Carica papaya, segar",Buah,0.24,0.019,0.002,0.037000000000000005,100
Cassavastick,Snack,4.6,0.008,0.187,0.172,100
"Cempedak, segar",Buah,1.16,0.03,0.004,0.28600000000000003,100
"Cengkeh, kering",Bahan olahan,3.3,0.052000000000000005,0.08900000000000001,0.574,100
Ceriping getuk singkong,Snack,4.62,0.012,0.207,0.677,100
"Chicken teriyaki, masakan",Lauk hewani,1.68,0.13,0.096,0.075,100
"Chikiniku, masakan",Lauk hewani,1.43,0.098,0.013999999999999999,0.228,100
Coklat bubuk,Bahan olahan,3.11,0.08,0.04,0.489,100
"Coklat manis, batang",Snack,5.27,0.02,0.298,0.627,100
"Coklat pahit,batang",Snack,6.15,0.055,0.426,0.292,100
"Coklat susu, batang",Snack,5.65,0.09,0.35,0.536,100
"Coto mangkasara, kuda, masakan",Lauk hewani,0.96,0.068,0.059000000000000004,0.038,100
"Coto mangkasara, sapi, masakan",Lauk hewani,0.84,0.06,0.06,0.013999999999999999,100
Cucuru bayau,Lauk hewani,3.49,0.068,0.187,0.38299999999999995,100
Cuka,Bahan olahan,0.21,0.001,0.001,0.05,100
"Cumicumi, goreng",Lauk hewani,2.65,0.406,0.10099999999999999,0.0,100
"Cumicumi, segar",Lauk hewani,0.75,0.161,0.006999999999999999,0.001,100
"Daun bangunbangun, segar",Sayuran,0.27,0.013000000000000001,0.006,0.04,100
"Daun bawang merah, segar",Sayuran,0.41,0.02,0.003,0.078,100
"Daun bebuas, segar",Sayuran,0.41,0.027000000000000003,0.01,0.073,100
"Daun belem, segar",Sayuran,0.5,0.044000000000000004,0.013999999999999999,0.078,100
"Daun bluntas, segar",Sayuran,0.44,0.018000000000000002,0.005,0.094,100
"Daun gandaria, segar",Sayuran,0.63,0.031,0.003,0.14,100
"Daun gedi besar, segar",Sayuran,0.58,0.028999999999999998,0.006999999999999999,0.1,100
"Daun gedi kecil, segar",Sayuran,0.61,0.032,0.006999999999999999,0.10400000000000001,100
"Daun gelang, segar",Sayuran,0.3,0.013000000000000001,0.006999999999999999,0.057999999999999996,100
"Daun gunda bali, segar",Sayuran,0.5,0.046,0.009000000000000001,0.07,100
"Daun gunda serang, segar",Sayuran,0.62,0.042,0.009000000000000001,0.092,100
"Daun jambu mete muda, segar",Sayuran,0.78,0.046,0.005,0.162,100
"Daun jampang, segar",Sayuran,0.34,0.038,0.005,0.053,100
"Daun jawaw seluang, segar",Sayuran,0.93,0.05,0.013000000000000001,0.153,100
"Daun jonghe, segar",Sayuran,0.27,0.021,0.006999999999999999,0.044000000000000004,100
"Daun kacang ma, segar",Sayuran,0.36,0.028999999999999998,0.006,0.068,100
"Daun kacang panjang, kukus",Sayuran,0.4,0.037000000000000005,0.003,0.08,100
"Daun kacang panjang, segar",Sayuran,0.3,0.031,0.003,0.057999999999999996,100
"Daun kasbi/singkong karet, segar",Sayuran,0.92,0.04,0.036000000000000004,0.109,100
"Daun katuk, rebus",Sayuran,0.53,0.053,0.009000000000000001,0.091,100
"Daun katuk, segar",Sayuran,0.59,0.064,0.01,0.099,100
"Daun kecipir, segar",Sayuran,0.52,0.05,0.005,0.085,100
"Daun kedondong, segar",Sayuran,0.59,0.035,0.003,0.134,100
"Daun kelor, rebus",Sayuran,0.61,0.061,0.009000000000000001,0.1,100
"Daun kelor, segar",Sayuran,0.92,0.051,0.016,0.14300000000000002,100
"Daun kemang, segar",Sayuran,0.43,0.055,0.003,0.075,100
"Daun kenikir, segar",Sayuran,0.45,0.037000000000000005,0.005,0.066,100
"Daun kesum, segar",Sayuran,0.48,0.045,0.008,0.091,100
"Daun kol sawi, segar",Sayuran,0.22,0.021,0.005,0.036000000000000004,100
"Daun koro, segar",Sayuran,0.23,0.03,0.003,0.037000000000000005,100
"Daun kubis, segar",Sayuran,0.51,0.025,0.011000000000000001,0.08,100
"Daun kumak, segar",Sayuran,0.14,0.013000000000000001,0.003,0.023,100
"Daun labu siam, segar",Sayuran,0.34,0.04,0.004,0.047,100
"Daun labuwaluh/kuning, segar",Sayuran,0.34,0.036000000000000004,0.006,0.045,100
"Daun lamtoro, segar",Sayuran,0.87,0.083,0.018000000000000002,0.14400000000000002,100
"Daun leilem, segar",Sayuran,0.76,0.027999999999999997,0.002,0.158,100
"Daun leunca, segar",Sayuran,0.49,0.047,0.005,0.081,100
"Daun lobak, segar",Sayuran,0.3,0.023,0.004,0.057999999999999996,100
"Daun lompong talas, segar",Sayuran,0.44,0.03,0.008,0.07400000000000001,100
"Daun mangkokan, segar",Sayuran,0.57,0.037000000000000005,0.003,0.11800000000000001,100
"Daun matel ambon, segar",Sayuran,0.71,0.068,0.016,0.115,100
"Daun melinjo, segar",Sayuran,1.04,0.05,0.013000000000000001,0.213,100
"Daun mengkudu, kukus",Sayuran,0.63,0.038,0.015,0.115,100
"Daun mengkudu, segar",Sayuran,0.65,0.04,0.017,0.114,100
"Daun ndusuk, segar",Sayuran,1.66,0.017,0.005,0.38799999999999996,100
"Daun oyong, segar",Sayuran,0.22,0.01,0.001,0.053,100
"Daun pakis longgiho, segar",Sayuran,0.54,0.022000000000000002,0.036000000000000004,0.031,100
"Daun pakis wambateu, segar",Sayuran,0.53,0.034,0.012,0.07200000000000001,100
"Daun pakis, segar",Sayuran,0.39,0.045,0.004,0.069,100
"Daun paku, segar",Sayuran,0.29,0.034,0.001,0.065,100
"Daun pangi, segar",Sayuran,1.04,0.039,0.006,0.179,100
"Daun pare, segar",Sayuran,0.49,0.027000000000000003,0.01,0.084,100
"Daun pepaya, segar",Sayuran,0.87,0.08,0.02,0.11900000000000001,100
"Daun pohpohan, segar",Sayuran,0.37,0.025,0.008,0.069,100
"Daun salam, bubuk",Bahan olahan,3.01,0.142,0.109,0.49,100
"Daun selasih, segar",Sayuran,0.62,0.04,0.005,0.105,100
"Daun semanggi, segar",Sayuran,0.45,0.044000000000000004,0.005,0.085,100
"Daun simpur, segar",Sayuran,0.53,0.032,0.025,0.076,100
"Daun singkil, segar",Sayuran,0.68,0.02,0.01,0.152,100
"Daun singkong ambon, segar",Sayuran,1.44,0.127,0.012,0.252,100
"Daun singkong ampenan, segar",Sayuran,0.5,0.062,0.011000000000000001,0.071,100
"Daun singkong kopang, segar",Sayuran,0.74,0.063,0.006999999999999999,0.107,100
"Daun singkong, rebus",Sayuran,0.31,0.037000000000000005,0.006,0.048,100
"Daun singkong, segar",Sayuran,0.5,0.062,0.011000000000000001,0.071,100
"Daun sintrong, segar",Sayuran,0.36,0.026000000000000002,0.009000000000000001,0.061,100
"Daun talas, rebus",Sayuran,0.27,0.013000000000000001,0.002,0.059000000000000004,100
"Daun talas, segar",Sayuran,0.59,0.03,0.004,0.135,100
"Daun tespong, segar",Sayuran,0.7,0.028999999999999998,0.003,0.139,100
"Daun ubi kuning, segar",Sayuran,0.62,0.037000000000000005,0.003,0.111,100
"Daun ubi merah, kukus",Sayuran,0.56,0.031,0.003,0.13,100
"Daun ubi merah, segar",Sayuran,0.48,0.03,0.003,0.10800000000000001,100
"Daun ubi putih, segar",Sayuran,0.46,0.027999999999999997,0.002,0.08199999999999999,100
"Daun ubi tinta, segar",Sayuran,0.55,0.017,0.001,0.11900000000000001,100
"Dendeng belut, goreng",Lauk hewani,3.82,0.557,0.141,0.08,100
"Dendeng mujahir, goreng",Lauk hewani,5.98,0.743,0.26899999999999996,0.092,100
"Djibokum, masakan",Lauk hewani,2.48,0.1,0.023,0.409,100
Dodol bali,Snack,2.98,0.037000000000000005,0.021,0.659,100
Dodol banjarmasin,Snack,3.68,0.026000000000000002,0.086,0.7,100
Dodol galamai,Snack,3.48,0.004,0.038,0.7609999999999999,100
Dodol kedondong,Snack,3.31,0.019,0.076,0.638,100
Dodol manado,Snack,3.73,0.043,0.165,0.519,100
Dodol nanas,Snack,3.38,0.015,0.012,0.8029999999999999,100
"Domba, daging, gemuk, segar",Lauk Hewani,3.17,0.157,0.27699999999999997,0.0,100
"Domba, daging, kurus, segar",Lauk Hewani,2.02,0.171,0.14800000000000002,0.0,100
"Domba, ginjal, segar",Lauk Hewani,1.0,0.166,0.033,0.01,100
"Duku, segar",Buah,0.63,0.01,0.002,0.161,100
"Durian, segar",Buah,1.34,0.025,0.03,0.28,100
"Duwet, segar",Buah,0.8,0.005,0.006,0.182,100
"Eceng, segar",Sayuran,0.19,0.01,0.002,0.038,100
"Embacang, segar",Buah,0.98,0.013999999999999999,0.002,0.254,100
"Empal (daging) Goreng, masakan",Lauk hewani,2.48,0.36200000000000004,0.069,0.10099999999999999,100
Emping (kerupuk melinjo),Snack,3.45,0.12,0.015,0.715,100
Emping beras,Snack,4.03,0.106,0.022000000000000002,0.853,100
Emping komak,Snack,3.55,0.17800000000000002,0.046,0.607,100
"Encung asam, segar",Buah,1.22,0.035,0.045,0.175,100
Entingenting gepuk hello kity,Snack,5.38,0.136,0.303,0.526,100
Entingenting gepuk kacang tanah,Snack,5.24,0.133,0.292,0.52,100
Entingenting wijen,Snack,5.65,0.182,0.384,0.368,100
"Erbis, segar",Buah,0.7,0.006,0.0,0.18899999999999997,100
Es krim,Snack,2.1,0.04,0.125,0.20600000000000002,100
Fillet ofish,Lauk hewani,2.7,0.12300000000000001,0.159,0.193,100
"Gadeng/Gadung, kering",Snack,3.22,0.024,0.006,0.7659999999999999,100
Gadogado,Sayuran,1.37,0.061,0.032,0.21,100
"Gadung, ubi, kukus",Snack,0.88,0.006,0.003,0.209,100
"Gadung, ubi, segar",Snack,1.0,0.009000000000000001,0.003,0.235,100
"Gadung/Gadung, kering",Snack,0.19,0.008,0.002,0.040999999999999995,100
"Gambas (oyong), segar",Sayuran,0.68,0.006999999999999999,0.001,0.18,100
Gandaria masak,Buah,1.0,0.008,0.002,0.23800000000000002,100
"Ganyong, rebus",Makanan Pokok,0.77,0.006,0.002,0.184,100
"Gatep, segar",Buah,1.91,0.045,0.015,0.397,100
Gatot,Makanan Pokok,3.47,0.013000000000000001,0.006999999999999999,0.838,100
Geblek,Makanan Pokok,1.95,0.004,0.017,0.444,100
"Gembili, ubi, segar",Snack,1.31,0.011000000000000001,0.002,0.313,100
Gemblong,Snack,2.74,0.017,0.054000000000000006,0.555,100
Gendar goreng,Snack,4.07,0.064,0.282,0.32,100
"Genjer, segar",Sayuran,0.35,0.017,0.002,0.077,100
Geplak,Snack,3.5,0.013999999999999999,0.14400000000000002,0.536,100
Geplak jahe,Snack,4.62,0.031,0.244,0.5770000000000001,100
Gete kuah asam,Lauk hewani,0.75,0.08199999999999999,0.02,0.06,100
Getuk goreng,Makanan Pokok,3.6,0.013000000000000001,0.064,0.743,100
Getuk pisang,Makanan Pokok,1.44,0.011000000000000001,0.004,0.341,100
Getuk singkong,Makanan Pokok,2.04,0.005,0.013999999999999999,0.474,100
"Gudeg, sayur",Sayuran,1.6,0.033,0.092,0.16,100
Gula aren,Bahan olahan,3.68,0.0,0.0,0.92,100
Gula kelapa,Bahan olahan,3.86,0.03,0.1,0.76,100
Gula putih,Bahan olahan,3.94,0.0,0.0,0.94,100
Gulai asam keueung,Lauk hewani,0.52,0.1,0.005,0.018000000000000002,100
Gulai ikan,Lauk hewani,1.48,0.1,0.098,0.05,100
Gulai ikan paya,Lauk hewani,1.06,0.165,0.033,0.025,100
Gulai kambing,Lauk hewani,1.26,0.042,0.094,0.062,100
Gulai keumamah,Lauk hewani,1.1,0.059000000000000004,0.08199999999999999,0.032,100
Gulai pakis,Sayuran,1.43,0.04,0.114,0.06,100
Gulai pliek,Sayuran,1.76,0.073,0.149,0.032,100
Gulai tiram,Lauk hewani,1.32,0.09,0.07200000000000001,0.078,100
Gurame asem manis,Lauk hewani,1.92,0.127,0.10099999999999999,0.127,100
Gurandil,Makanan Pokok,2.18,0.005,0.025,0.485,100
Ham,Lauk Hewani,3.84,0.16899999999999998,0.35,0.003,100
Hangop,Bahan olahan,0.65,0.1,0.01,0.035,100
"Hofa/Ubi hutan, segar",Snack,1.27,0.012,0.005,0.295,100
Ikan asar merah,Lauk hewani,1.46,0.177,0.059000000000000004,0.055999999999999994,100
"Ikan asin, kering",Lauk hewani,1.93,0.42,0.015,0.0,100
"Ikan bader, segar",Lauk hewani,1.93,0.19,0.13,0.0,100
"Ikan balong, segar",Lauk hewani,1.07,0.165,0.039,0.015,100
"Ikan bambangan, segar",Lauk hewani,1.12,0.2,0.013000000000000001,0.037000000000000005,100
"Ikan bandeng presto, masakan",Lauk hewani,2.96,0.171,0.203,0.113,100
"Ikan bandeng, segar",Lauk hewani,1.23,0.2,0.048,0.0,100
"Ikan banjar, segar",Lauk hewani,1.11,0.19399999999999998,0.009000000000000001,0.048,100
"Ikan baronang, segar",Lauk hewani,0.78,0.145,0.006,0.037000000000000005,100
"Ikan batung, segar",Lauk hewani,1.15,0.145,0.046,0.042,100
Ikan baung bakar,Lauk hewani,1.44,0.17800000000000002,0.057999999999999996,0.052000000000000005,100
"Ikan baung, segar",Lauk hewani,1.23,0.151,0.055,0.033,100
"Ikan bawal, segar",Lauk hewani,0.91,0.19,0.017,0.0,100
Ikan Belida bakar,Lauk hewani,1.28,0.18,0.03,0.07200000000000001,100
"Ikan Belida, segar",Lauk hewani,0.8,0.147,0.013999999999999999,0.022000000000000002,100
"Ikan beunteur, segar",Lauk hewani,1.09,0.17,0.04,0.0,100
"Ikan biawan, segar",Lauk hewani,0.9,0.149,0.025,0.021,100
"Ikan bili, segar",Lauk hewani,0.88,0.142,0.006999999999999999,0.062,100
"Ikan bubara, segar",Lauk hewani,1.0,0.147,0.024,0.049,100
"Ikan bulanbulan, segar",Lauk hewani,1.34,0.255,0.013000000000000001,0.05,100
"Ikan cakalang asap, mentah",Lauk hewani,2.04,0.342,0.055999999999999994,0.019,100
"Ikan cakalang asin, mentah",Lauk hewani,1.98,0.365,0.022000000000000002,0.055,100
"Ikan cakalang, hati, segar",Lauk hewani,1.2,0.113,0.039,0.1,100
"Ikan cakalang, jantung, segar",Lauk hewani,1.16,0.11199999999999999,0.012,0.102,100
"Ikan cakalang, perut, segar",Lauk hewani,0.86,0.102,0.011000000000000001,0.087,100
"Ikan cakalang, segar",Lauk hewani,1.07,0.196,0.006999999999999999,0.055,100
"Ikan calo/ peda, mentah",Lauk hewani,0.81,0.114,0.019,0.038,100
"Ikan daun, segar",Lauk hewani,1.01,0.115,0.040999999999999995,0.046,100
"Ikan ekor kuning, segar",Lauk hewani,1.08,0.223,0.012,0.021,100
"Ikan Gabus asap, mentah",Lauk hewani,2.61,0.381,0.023,0.21899999999999997,100
"Ikan Gabus, kering",Lauk hewani,2.68,0.58,0.04,0.0,100
"Ikan gabus, segar",Lauk hewani,0.8,0.162,0.005,0.026000000000000002,100
"Ikan gete, goreng",Lauk hewani,2.67,0.231,0.19399999999999998,0.002,100
"Ikan heu, segar",Lauk hewani,0.81,0.1,0.016,0.066,100
"Ikan hitam, segar",Lauk hewani,1.01,0.10300000000000001,0.037000000000000005,0.067,100
"Ikan hiu, kering",Lauk hewani,2.98,0.46299999999999997,0.036000000000000004,0.20199999999999999,100
"Ikan hiu, segar",Lauk hewani,0.57,0.107,0.003,0.022000000000000002,100
"Ikan kacangan, segar",Lauk hewani,0.77,0.156,0.009000000000000001,0.016,100
"Ikan kakap, segar",Lauk hewani,0.92,0.2,0.006999999999999999,0.0,100
"Ikan kakatua, segar",Lauk hewani,0.82,0.114,0.012,0.064,100
"Ikan kalaban, segar",Lauk hewani,0.77,0.16399999999999998,0.006999999999999999,0.013000000000000001,100
"Ikan kamera (kakap merah), segar",Lauk hewani,0.86,0.19699999999999998,0.008,0.0,100
"Ikan kapar, segar",Lauk hewani,1.32,0.17,0.067,0.008,100
"Ikan katombo, asin",Lauk hewani,1.62,0.317,0.027999999999999997,0.003,100
"Ikan kawalinya, segar",Lauk hewani,1.1,0.126,0.042,0.054000000000000006,100
"Ikan kayu, kering",Lauk hewani,3.02,0.7070000000000001,0.019,0.004,100
"Ikan kerukeru, segar",Lauk hewani,0.93,0.165,0.021,0.008,100
"Ikan kima, segar",Lauk hewani,0.7,0.10800000000000001,0.006999999999999999,0.052000000000000005,100
Ikan Lais bakar,Lauk hewani,1.47,0.175,0.065,0.054000000000000006,100
"Ikan lais, segar",Lauk hewani,1.61,0.11900000000000001,0.115,0.024,100
"Ikan layang, segar",Lauk hewani,1.09,0.22,0.017,0.0,100
"Ikan layur, segar",Lauk hewani,0.82,0.18,0.01,0.004,100
"Ikan lehoma, segar",Lauk hewani,0.9,0.204,0.009000000000000001,0.0,100
"Ikan lemuru, segar",Lauk hewani,1.12,0.2,0.03,0.0,100
"Ikan lidah, segar",Lauk hewani,1.04,0.156,0.032,0.02,100
"Ikan lomak asin, mentah",Lauk hewani,2.58,0.40299999999999997,0.023,0.18899999999999997,100
"Ikan malalugis, segar",Lauk hewani,0.99,0.20600000000000002,0.013999999999999999,0.009000000000000001,100
"Ikan mamar merah, segar",Lauk hewani,1.15,0.153,0.04,0.044000000000000004,100
Ikan Mas pepes,Lauk hewani,2.09,0.152,0.113,0.11800000000000001,100
"Ikan mas, segar",Lauk hewani,0.86,0.16,0.02,0.0,100
"Ikan mayong, segar",Lauk hewani,0.97,0.179,0.02,0.004,100
Ikan mujahir goreng,Lauk hewani,4.16,0.469,0.239,0.0,100
Ikan Mujahir pepes,Lauk hewani,1.21,0.217,0.027999999999999997,0.008,100
"Ikan mujahir, dendeng, mentah",Lauk hewani,5.82,0.6829999999999999,0.152,0.37200000000000005,100
"Ikan mujahir, segar",Lauk hewani,0.89,0.187,0.01,0.0,100
"Ikan nasu metti, segar",Lauk hewani,1.54,0.168,0.05,0.105,100
"Ikan oci, kembung, segar",Lauk hewani,1.25,0.213,0.034,0.022000000000000002,100
"Ikan paling, segar",Lauk hewani,3.03,0.14,0.27,0.0,100
"Ikan Papuyu, bakar",Lauk hewani,1.52,0.17600000000000002,0.061,0.067,100
"Ikan papuyu/ betok, segar",Lauk hewani,1.2,0.14300000000000002,0.049,0.046,100
"Ikan Patin, bakar",Lauk hewani,1.44,0.175,0.063,0.043,100
"Ikan patin, segar",Lauk hewani,1.32,0.17,0.066,0.011000000000000001,100
"Ikan peda banjar, mentah",Lauk hewani,1.56,0.28,0.04,0.02,100
"Ikan pepetek, mentah",Lauk hewani,1.76,0.32,0.044000000000000004,0.02,100
"Ikan Pindang banjar, mentah",Lauk hewani,1.57,0.28,0.042,0.018000000000000002,100
"Ikan Pindang benggol, mentah",Lauk hewani,1.7,0.31,0.042,0.0,100
"Ikan Pindang layang, mentah",Lauk hewani,1.53,0.3,0.027999999999999997,0.0,100
"Ikan Pindang selar, mentah",Lauk hewani,1.42,0.27,0.03,0.0,100
"Ikan pomo, segar",Lauk hewani,1.47,0.225,0.052000000000000005,0.026000000000000002,100
"Ikan puntin, segar",Lauk hewani,0.76,0.14400000000000002,0.011000000000000001,0.022000000000000002,100
"Ikan sale lais, mentah",Lauk hewani,4.15,0.613,0.17600000000000002,0.028999999999999998,100
"Ikan sale, mentah",Lauk hewani,5.34,0.402,0.39299999999999996,0.049,100
"Ikan saluang, kering, mentah",Lauk hewani,2.84,0.341,0.099,0.146,100
"Ikan saluang, segar",Lauk hewani,1.13,0.139,0.049,0.034,100
"Ikan sanggang, masakan",Lauk hewani,2.4,0.217,0.077,0.207,100
"Ikan sarden, segar",Lauk hewani,1.09,0.19899999999999998,0.018000000000000002,0.034,100
"Ikan selar kuning, cue, mentah",Lauk hewani,1.38,0.27,0.033,0.0,100
"Ikan selar, kering, mentah",Lauk hewani,1.94,0.38,0.035,0.0,100
"Ikan selar, segar",Lauk hewani,1.0,0.188,0.022000000000000002,0.0,100
"Ikan sepat, kering, mentah",Lauk hewani,2.89,0.38,0.14,0.0,100
"Ikan sepat, segar",Lauk hewani,0.84,0.152,0.006,0.047,100
"Ikan sidat, segar",Lauk hewani,0.81,0.114,0.019,0.038,100
"Ikan sunu, asin, mentah",Lauk hewani,1.99,0.341,0.038,0.071,100
"Ikan sunu, segar",Lauk hewani,1.11,0.133,0.034,0.067,100
"Ikan tahuman, segar",Lauk hewani,0.88,0.159,0.009000000000000001,0.040999999999999995,100
"Ikan tarmon, segar",Lauk hewani,0.96,0.195,0.011000000000000001,0.02,100
"Ikan telan, segar",Lauk hewani,0.95,0.158,0.006999999999999999,0.065,100
"Ikan tembang, segar",Lauk hewani,2.04,0.16,0.15,0.0,100
"Ikan tempahas, segar",Lauk hewani,1.01,0.151,0.040999999999999995,0.01,100
"Ikan terbang, segar",Lauk hewani,0.98,0.196,0.017,0.01,100
"Ikan Teri nasi, kering, mentah",Lauk hewani,1.44,0.325,0.006,0.0,100
"Ikan Teri, bubuk, mentah",Lauk hewani,2.77,0.6,0.023,0.018000000000000002,100
"Ikan teri, kering, mentah",Lauk hewani,1.7,0.33399999999999996,0.03,0.0,100
"Ikan Teri, kering, tawar, mentah",Lauk hewani,3.31,0.687,0.042,0.0,100
"Ikan teri, segar",Lauk hewani,0.74,0.10300000000000001,0.013999999999999999,0.040999999999999995,100
"Ikan Teri, tepung, mentah",Lauk hewani,3.47,0.488,0.064,0.196,100
"Ikan titang, segar",Lauk hewani,0.82,0.174,0.004,0.023,100
"Ikan tongkol, segar",Lauk hewani,1.0,0.13699999999999998,0.015,0.08,100
"Ikan turi, segar",Lauk hewani,0.96,0.192,0.02,0.002,100
"Ikan, telur, asin",Lauk hewani,3.58,0.207,0.264,0.094,100
"Ikan, tepung, mentah",Lauk hewani,3.16,0.601,0.065,0.22399999999999998,100
Intip goreng,Snack,4.74,0.076,0.21600000000000003,0.623,100
"Itik alabio, daging, dendeng, mentah",Lauk Hewani,4.96,0.303,0.335,0.184,100
Jagung gerontol,Snack,1.56,0.027000000000000003,0.013000000000000001,0.33299999999999996,100
"Jagung kuning pipil, rebus",Makanan Pokok,1.54,0.038,0.035,0.284,100
"Jagung kuning, tepung",Bahan Olahan,3.55,0.092,0.039,0.737,100
"Jagung muda / semi, segar",Sayuran,0.35,0.022000000000000002,0.001,0.07400000000000001,100
"Jagung muda, rebus",Makanan Pokok,1.42,0.05,0.006999999999999999,0.303,100
"Jagung nasi, mentah",Makanan Pokok,3.57,0.08800000000000001,0.005,0.795,100
Jagung titi,Snack,3.74,0.094,0.022000000000000002,0.7909999999999999,100
"Jagung, tepung putih",Bahan Olahan,3.55,0.092,0.039,0.737,100
"Jahe, segar",Bahan olahan,0.51,0.015,0.01,0.10099999999999999,100
"Jam, selai",Snack,2.39,0.005,0.006,0.645,100
Jambal goreng,Lauk hewani,2.86,0.485,0.092,0.023,100
"Jambu air, segar",Buah,0.46,0.006,0.002,0.11800000000000001,100
Jambu biji,Buah,0.49,0.009000000000000001,0.003,0.122,100
Jambu bj putih tdk brbj,Buah,0.61,0.009000000000000001,0.003,0.154,100
"Jambu bol, segar",Buah,0.49,0.023,0.002,0.096,100
"Jambu monyet, segar",Buah,0.64,0.006999999999999999,0.006,0.158,100
Jamur encik,Lauk Nabati,2.96,0.094,0.011000000000000001,0.62,100
"Jamur kuping, kering",Lauk Nabati,2.94,0.16,0.009000000000000001,0.6459999999999999,100
"Jamur kuping, segar",Lauk Nabati,0.21,0.038,0.006,0.009000000000000001,100
"Jamur merang, segar",Lauk Nabati,0.3,0.035,0.002,0.04,100
Jamur sagu,Lauk Nabati,0.48,0.019,0.032,0.027999999999999997,100
"Jamur tiram, segar",Lauk Nabati,0.3,0.019,0.001,0.055,100
"Jangang bintatoeng, masakan",Lauk hewani,1.07,0.053,0.022000000000000002,0.165,100
"Jantung pisang, segar",Sayuran,0.32,0.012,0.003,0.071,100
Japilus,Snack,5.0,0.012,0.251,0.6729999999999999,100
"Jengkol, segar",Lauk Nabati,1.92,0.054000000000000006,0.003,0.40700000000000003,100
"Jeruk bali, segar",Buah,0.48,0.006,0.002,0.124,100
"Jeruk banjar, segar",Buah,0.61,0.008,0.002,0.141,100
Jeruk garutkeprok,Buah,0.44,0.008,0.003,0.109,100
"Jeruk Kalamansi, segar",Buah,0.39,0.003,0.003,0.08900000000000001,100
"Jeruk manis, segar",Buah,0.45,0.009000000000000001,0.002,0.11199999999999999,100
"Jeruk nipis, segar",Buah,0.44,0.005,0.002,0.1,100
"Jeruk ragi, segar",Buah,0.49,0.006999999999999999,0.002,0.111,100
"Jotang, segar",Sayuran,0.34,0.019,0.003,0.071,100
Jukku pallu kaloa,Lauk hewani,0.15,0.152,0.043,0.08800000000000001,100
"Kabau, segar",Lauk Nabati,1.3,0.067,0.003,0.252,100
"Kaburan, ubi, segar",Snack,1.33,0.01,0.002,0.322,100
Kabuto,Makanan Pokok,2.5,0.026000000000000002,0.025,0.354,100
"Kacang arab, kering",Snack,3.3,0.23800000000000002,0.013999999999999999,0.602,100
Kacang atom,Snack,5.33,0.278,0.381,0.28800000000000003,100
"Kacang belimbing (kecipir), kering",Snack,4.0,0.344,0.16899999999999998,0.341,100
"Kacang belimbing, rebus",Sayuran,2.04,0.16899999999999998,0.08800000000000001,0.175,100
"Kacang beracun, segar",Snack,1.18,0.044000000000000004,0.015,0.21600000000000003,100
"Kacang bogor, goreng",Snack,4.79,0.127,0.23199999999999998,0.589,100
"Kacang bogor, kering",Snack,3.7,0.16,0.06,0.65,100
"Kacang bogor, rebus",Snack,1.61,0.077,0.027999999999999997,0.271,100
"Kacang bogor, segar",Snack,1.65,0.077,0.031,0.27399999999999997,100
"Kacang endel, biji, kering",Snack,3.31,0.25,0.01,0.58,100
"Kacang ercis, segar",Sayuran,1.29,0.124,0.006999999999999999,0.183,100
"Kacang galing, segar",Sayuran,3.36,0.231,0.017,0.595,100
Kacang goyang,Snack,5.16,0.147,0.311,0.444,100
"Kacang gude, biji, kering",Sayuran,3.16,0.207,0.01,0.58,100
"Kacang gude, biji, segar",Sayuran,1.14,0.07,0.006,0.20800000000000002,100
"Kacang gude, rebus",Sayuran,1.47,0.09,0.005,0.275,100
"Kacang hijau var, bakti, kering",Sayuran,3.5,0.171,0.018000000000000002,0.7070000000000001,100
"Kacang hijau var, siwalik, kering",Sayuran,3.39,0.20800000000000002,0.021,0.6459999999999999,100
"Kacang hijau, kering",Sayuran,3.23,0.22899999999999998,0.015,0.568,100
"kacang hijau, rebus",Sayuran,1.09,0.087,0.005,0.183,100
"Kacang hitam, kering",Sayuran,3.46,0.166,0.017,0.6609999999999999,100
"Kacang kapri, segar",Sayuran,0.98,0.067,0.004,0.177,100
"Kacang kedelai, goreng",Sayuran,5.21,0.322,0.377,0.22899999999999998,100
"Kacang kedelai, kering",Sayuran,3.81,0.40399999999999997,0.16699999999999998,0.249,100
"Kacang kedelai, rebus",Sayuran,1.89,0.20199999999999999,0.08199999999999999,0.127,100
"Kacang kedelai, segar",Sayuran,2.86,0.302,0.156,0.301,100
"Kacang kincai, kering",Sayuran,4.44,0.19899999999999998,0.16,0.55,100
"Kacang komak, segar",Sayuran,3.27,0.16399999999999998,0.043,0.5579999999999999,100
"Kacang kuning, kering",Sayuran,3.55,0.17,0.025,0.66,100
"Kacang lebui /iris, kering",Sayuran,3.46,0.165,0.015,0.6659999999999999,100
"Kacang mekah, polong, segar",Sayuran,0.22,0.011000000000000001,0.01,0.034,100
"Kacang mentega, kering",Sayuran,3.44,0.16699999999999998,0.021,0.6459999999999999,100
"Kacang merah /banda, kering",Sayuran,3.5,0.139,0.03,0.669,100
"Kacang merah kering, rebus",Sayuran,1.58,0.10300000000000001,0.009000000000000001,0.282,100
"Kacang merah segar, rebus",Sayuran,1.44,0.1,0.01,0.247,100
"Kacang merah tua, kering",Sayuran,2.8,0.16699999999999998,0.016,0.632,100
"Kacang merah, kering",Sayuran,3.14,0.221,0.011000000000000001,0.562,100
"Kacang merah, segar",Sayuran,1.71,0.11,0.022000000000000002,0.28,100
"Kacang mete/biji jambu monyet, goreng",Sayuran,6.29,0.204,0.563,0.198,100
"Kacang mete/biji jambu monyet, segar",Sayuran,6.16,0.163,0.484,0.287,100
Kacang negara,Snack,4.8,0.184,0.191,0.585,100
"Kacang panjang, biji, kering",Sayuran,0.39,0.03,0.006,0.076,100
"Kacang panjang, kukus",Sayuran,3.57,0.17300000000000001,0.015,0.6859999999999999,100
"Kacang panjang, rebus",Sayuran,0.3,0.023,0.004,0.057999999999999996,100
"Kacang panjang, segar",Sayuran,0.31,0.023,0.001,0.053,100
Kacang ranti polong,Sayuran,0.37,0.031,0.002,0.079,100
Kacang sukro,Snack,4.84,0.08800000000000001,0.261,0.5770000000000001,100
Kacang tanah rebus dg kulit,Sayuran,3.6,0.135,0.312,0.128,100
Kacang tanah sangan,Sayuran,5.6,0.295,0.43,0.24100000000000002,100
Kacang tanah sangan tanpa selaput,Sayuran,5.59,0.26899999999999996,0.442,0.23600000000000002,100
Kacang tanah sari,Snack,5.61,0.255,0.43799999999999994,0.26,100
"Kacang tanah, goreng",Sayuran,5.64,0.255,0.444,0.255,100
"Kacang tanah, kering",Sayuran,5.25,0.27899999999999997,0.42700000000000005,0.174,100
"Kacang tanah, rebus",Sayuran,2.2,0.106,0.18,0.08,100
"Kacang tolo / tunggak, kering",Sayuran,3.31,0.244,0.019,0.5660000000000001,100
"Kacang tolo, rebus",Sayuran,1.38,0.107,0.011000000000000001,0.226,100
"Kacang tunis, kering",Sayuran,3.51,0.122,0.012,0.7290000000000001,100
"Kacang uci, kering",Sayuran,3.58,0.23399999999999999,0.024,0.606,100
"Kacang urei, kering",Sayuran,3.54,0.128,0.018000000000000002,0.693,100
Kadada katembe,Sayuran,1.1,0.045,0.069,0.071,100
Kaholeo,Lauk hewani,4.13,0.287,0.198,0.298,100
Kakicak,Snack,2.96,0.034,0.151,0.36700000000000005,100
"Kalakai, segar",Sayuran,0.38,0.024,0.002,0.066,100
"Kalio ayam, masakan",Lauk hewani,2.03,0.16,0.135,0.044000000000000004,100
"Kalio jeroan, masakan",Lauk hewani,1.63,0.165,0.09,0.040999999999999995,100
"Kalio kikil (tunjang), masakan",Lauk hewani,1.22,0.138,0.057,0.039,100
"Kalio otak, masakan",Lauk hewani,1.57,0.081,0.08800000000000001,0.114,100
Kalio telur,Lauk hewani,1.93,0.106,0.124,0.09699999999999999,100
"Kambing, daging, segar",Lauk Hewani,1.49,0.166,0.092,0.0,100
Kambose,Snack,1.64,0.03,0.024,0.326,100
Kangkung tondano,Sayuran,0.43,0.018000000000000002,0.002,0.084,100
"Kangkung, kukus",Sayuran,0.3,0.032,0.006999999999999999,0.047,100
"Kangkung, rebus",Sayuran,0.22,0.025,0.006,0.031,100
"Kangkung, segar",Sayuran,0.28,0.034,0.006999999999999999,0.039,100
"Kaparende, sayur",Sayuran,0.38,0.024,0.02,0.026000000000000002,100
"Kapri muda, segar",Sayuran,0.45,0.033,0.002,0.09,100
Kapurung,Makanan Pokok,0.41,0.02,0.003,0.078,100
Kapusa,Snack,1.58,0.044000000000000004,0.032,0.278,100
Karawila,Sayuran,0.25,0.023,0.002,0.035,100
"Karedok, sayur",Sayuran,0.92,0.022000000000000002,0.033,0.141,100
"Kawista, segar",Buah,1.2,0.035,0.025,0.20800000000000002,100
Kecap,Bahan olahan,0.71,0.057,0.013000000000000001,0.09,100
Kecimpring singkong goreng,Snack,4.64,0.012,0.18600000000000003,0.73,100
"Kecipir muda, segar",Sayuran,0.32,0.028999999999999998,0.002,0.057999999999999996,100
"Kecombrang, segar",Sayuran,0.34,0.009000000000000001,0.01,0.067,100
Keddo bodong,Snack,2.9,0.046,0.057,0.552,100
"Kedondong masak, segar",Buah,0.46,0.01,0.001,0.10300000000000001,100
"Kedondong, segar",Buah,0.47,0.005,0.002,0.10400000000000001,100
Keju,Snack,3.26,0.228,0.203,0.131,100
Keju kacang tanah (peanut butter),Snack,5.9,0.27,0.49,0.209,100
"Kelapa hutan, kering",Buah,6.23,0.02,0.52,0.365,100
"Kelapa muda, air, segar",Buah,0.17,0.002,0.001,0.038,100
"Kelapa muda, daging, segar",Buah,0.68,0.01,0.009000000000000001,0.14,100
"Kelapa setengah tua, daging",Bahan olahan,1.8,0.04,0.15,0.1,100
"Kelapa tua, daging",Bahan olahan,3.59,0.034,0.34700000000000003,0.14,100
"Kelawi, kluwih, segar",Buah,1.18,0.015,0.003,0.272,100
"Kelepon, kue",Snack,2.15,0.037000000000000005,0.037000000000000005,0.418,100
"Kelinci, daging, segar",Lauk Hewani,1.42,0.16899999999999998,0.078,0.0,100
"Kemang, segar",Buah,0.48,0.01,0.002,0.11900000000000001,100
Kembang tahu,Lauk Nabati,3.8,0.489,0.138,0.233,100
Kembang tahu rebus,Lauk Nabati,0.9,0.107,0.04,0.047,100
"Kembang turi, segar",Sayuran,0.51,0.018000000000000002,0.006,0.096,100
Kemiri,Bahan olahan,6.75,0.19,0.63,0.08,100
"Kenari banda, kering",Sayuran,6.16,0.139,0.562,0.13699999999999998,100
"Kenari, kering",Sayuran,6.57,0.15,0.66,0.13,100
"Kentang hitam, segar",Sayuran,1.42,0.009000000000000001,0.004,0.337,100
"Kentang, segar",Sayuran,0.62,0.021,0.002,0.135,100
"Keong, segar",Lauk nabati,0.64,0.12,0.01,0.02,100
Kepala susu  krim,Bahan olahan,2.04,0.026000000000000002,0.2,0.04,100
"Kepiting, segar",Lauk nabati,1.51,0.138,0.038,0.141,100
"Kerang, asap, mentah",Lauk hewani,3.93,0.389,0.133,0.294,100
"Kerang, dendeng, mentah",Lauk hewani,3.57,0.41100000000000003,0.1,0.256,100
"Kerang, segar",Lauk nabati,1.01,0.14400000000000002,0.026000000000000002,0.039,100
"Kerbau, daging, segar",Lauk Hewani,0.79,0.187,0.005,0.0,100
Keremes,Makanan Pokok,4.75,0.016,0.252,0.644,100
Kereput,Snack,5.8,0.048,0.396,0.511,100
"Keribang, ubi, segar",Snack,1.37,0.013000000000000001,0.011000000000000001,0.298,100
Keripik bayam,Snack,5.86,0.049,0.406,0.502,100
Keripik gadung,Snack,4.46,0.027999999999999997,0.145,0.76,100
Keripik kentang,Snack,4.48,0.027000000000000003,0.188,0.6709999999999999,100
Keripik lampung,Snack,4.85,0.017,0.22,0.6970000000000001,100
Keripik oncom,Snack,5.98,0.083,0.43799999999999994,0.426,100
Keripik singkong,Snack,4.78,0.009000000000000001,0.207,0.72,100
Keripik singkong berbumbu,Snack,4.81,0.022000000000000002,0.19699999999999998,0.736,100
Keripik tempe,Snack,5.81,0.121,0.406,0.41700000000000004,100
Keripik tempe abadi besar,Snack,5.56,0.158,0.371,0.39799999999999996,100
Keripik tempe abadi murni,Snack,5.42,0.40299999999999997,0.424,0.11599999999999999,100
Keripik tempe abadi sedang,Snack,5.1,0.12300000000000001,0.27899999999999997,0.524,100
Keripik tempe abadi telur,Snack,5.29,0.20800000000000002,0.317,0.402,100
Keripik ubi,Snack,4.86,0.002,0.239,0.6759999999999999,100
"Kerokot, segar",Sayuran,0.26,0.017,0.004,0.038,100
Kerupik tempe abadi prima,Snack,5.4,0.16699999999999998,0.33899999999999997,0.42,100
Kerupuk cumi goreng,Snack,4.44,0.069,0.146,0.713,100
Kerupuk kemplang (ikan) mentah,Snack,3.25,0.018000000000000002,0.004,0.785,100
Kerupuk kemplang goreng,Snack,5.04,0.055999999999999994,0.281,0.5710000000000001,100
Kerupuk kemplang panggang,Snack,3.56,0.09699999999999999,0.011000000000000001,0.769,100
Kerupuk mie kuning goreng,Snack,4.76,0.001,0.21100000000000002,0.713,100
Kerupuk udang goreng,Snack,4.77,0.047,0.205,0.685,100
Kerupuk urat,Snack,5.88,0.537,0.409,0.012,100
"Kesemek, segar",Buah,0.78,0.008,0.004,0.2,100
"Ketan hitam, matang",Makanan Pokok,1.81,0.04,0.012,0.373,100
"Ketan hitam, tapai",Makanan Pokok,1.66,0.038,0.01,0.344,100
"Ketan putih, matang",Makanan Pokok,1.63,0.03,0.004,0.35700000000000004,100
"Ketan putih, tapai",Makanan Pokok,1.72,0.03,0.005,0.375,100
"Ketan, ketupat",Makanan Pokok,2.12,0.04,0.046,0.386,100
"Ketela pohon/ singkong, segar",Snack,1.54,0.01,0.003,0.368,100
Ketela pohon/singkong kukus,Makanan Pokok,1.53,0.012,0.003,0.364,100
"Ketimun krai, segar",Sayuran,0.1,0.005,0.002,0.02,100
"Ketimun madura, segar",Sayuran,0.09,0.005,0.001,0.019,100
"Ketimun, segar",Sayuran,0.08,0.002,0.002,0.013999999999999999,100
Ketoprak,Sayuran,1.53,0.079,0.077,0.13,100
"Ketumbar, kering",Bahan olahan,4.18,0.141,0.161,0.542,100
Ketupat kandangan,Makanan Pokok,1.09,0.022000000000000002,0.052000000000000005,0.134,100
Kluwek,Bahan olahan,3.1,0.1,0.24,0.135,100
"Kodok, segar",Lauk hewani,0.73,0.16399999999999998,0.003,0.0,100
"Kokosan, segar",Buah,0.86,0.016,0.002,0.13,100
"Komak polong, segar",Sayuran,0.99,0.033,0.001,0.212,100
"Komak, segar",Sayuran,0.99,0.033,0.001,0.212,100
Kool kembang,Sayuran,0.25,0.024,0.002,0.049,100
"Kool merah, kool putih",Sayuran,0.29,0.013999999999999999,0.002,0.053,100
Kopi bubuk instant,Bahan olahan,1.29,0.12300000000000001,0.005,0.35,100
"Koro andong, kering",Sayuran,3.56,0.205,0.040999999999999995,0.616,100
"Koro benguk, biji, kering",Sayuran,3.32,0.24,0.03,0.55,100
"Koro kerupuk, biji, segar",Sayuran,1.25,0.083,0.006999999999999999,0.221,100
"Koro kerupuk, polong",Lauk Nabati,1.28,0.083,0.006999999999999999,0.221,100
"Koro loke, biji, segar",Sayuran,0.33,0.027000000000000003,0.002,0.079,100
"Koro roay, kering",Sayuran,3.44,0.125,0.021,0.6940000000000001,100
"Koro wedus, biji, kering",Sayuran,3.38,0.222,0.015,0.61,100
"Koro wedus, polong",Lauk Nabati,0.46,0.03,0.003,0.079,100
Kotiu hinela tawang nggole,Sayuran,0.46,0.022000000000000002,0.015,0.06,100
Koya,Snack,3.66,0.042,0.043,0.775,100
Koya mirasa,Snack,3.7,0.08,0.01,0.8220000000000001,100
Koyabu,Snack,2.41,0.034,0.043,0.47200000000000003,100
"Kranji, segar",Buah,3.15,0.021,0.013999999999999999,0.735,100
"Kucai muda (Lokio), segar",Sayuran,0.42,0.038,0.006,0.078,100
"Kucai, segar",Sayuran,0.45,0.022000000000000002,0.003,0.10300000000000001,100
"Kuda, daging, segar",Lauk Hewani,1.13,0.18100000000000002,0.040999999999999995,0.009000000000000001,100
Kue ali,Snack,4.4,0.038,0.185,0.645,100
Kue bangen,Snack,4.42,0.033,0.147,0.742,100
Kue bangket,Snack,3.38,0.015,0.012,0.8029999999999999,100
Kue gelang,Snack,4.48,0.057999999999999996,0.161,0.7,100
Kue jahe,Snack,4.25,0.016,0.08800000000000001,0.846,100
Kue kelapa,Snack,5.91,0.055999999999999994,0.42100000000000004,0.475,100
Kue koa,Snack,3.4,0.048,0.004,0.7929999999999999,100
Kue ku temu,Snack,2.14,0.035,0.002,0.496,100
Kue lumpur,Snack,2.91,0.036000000000000004,0.111,0.441,100
Kue pelita,Snack,1.41,0.053,0.055,0.17600000000000002,100
Kue putu cangkir,Snack,3.04,0.053,0.07,0.5489999999999999,100
Kue putu singkong,Snack,2.17,0.012,0.005,0.532,100
Kue sus,Snack,2.21,0.075,0.102,0.248,100
Kue thipan,Snack,2.47,0.028999999999999998,0.042,0.495,100
Kulit melinjo,Lauk Nabati,1.11,0.045,0.011000000000000001,0.207,100
"Kundur, segar",Sayuran,0.22,0.004,0.002,0.047,100
"Kunyit, segar",Bahan olahan,0.69,0.02,0.027000000000000003,0.091,100
"Kurakura, segar",Lauk hewani,0.83,0.191,0.002,0.0,100
"Kuro, segar",Lauk hewani,0.87,0.16,0.022000000000000002,0.01,100
Kwaci,Snack,5.15,0.306,0.42100000000000004,0.138,100
Kwark (Quark),Bahan olahan,2.42,0.19,0.17,0.03,100
"Labu air, segar",Sayuran,0.19,0.006,0.002,0.038,100
"Labu kuning, segar",Sayuran,0.51,0.017,0.005,0.1,100
"Labu siam, segar",Sayuran,0.3,0.006,0.001,0.067,100
"Labu waluh, segar",Sayuran,0.32,0.011000000000000001,0.001,0.066,100
Laksa/Putu mayang,Makanan Pokok,1.21,0.017,0.034,0.21100000000000002,100
"Lamtoro biji, muda, segar",Sayuran,0.85,0.057,0.003,0.154,100
"Lamtoro biji, tua, segar",Sayuran,1.48,0.106,0.005,0.262,100
"Lamtoro var, gung tanpa kulit",Sayuran,3.67,0.46399999999999997,0.054000000000000006,0.325,100
"Lamtoro var, lokal dengan kulit",Sayuran,3.36,0.23800000000000002,0.012,0.597,100
"Langsat, segar",Buah,0.56,0.009000000000000001,0.002,0.14300000000000002,100
"Lantar, segar",Sayuran,0.34,0.022000000000000002,0.003,0.055,100
Lanting getuk,Snack,4.22,0.009000000000000001,0.10800000000000001,0.804,100
Lapis legit,Snack,3.89,0.066,0.157,0.555,100
"Lawara jangang, masakan",Lauk hewani,1.59,0.05,0.109,0.10099999999999999,100
Lawara penjah,Lauk hewani,2.07,0.07400000000000001,0.154,0.096,100
Ledre pisang,Snack,4.05,0.048,0.051,0.8490000000000001,100
Lema/ Rebung asam,Sayuran,0.15,0.01,0.004,0.019,100
Lemak ikan,Bahan olahan,3.72,0.12,0.294,0.14400000000000002,100
Lemak kerbau (lemak sapi),Bahan olahan,8.18,0.015,0.9,0.0,100
"Lemon, segar",Buah,0.34,0.005,0.008,0.062,100
Lempog durian,Snack,3.2,0.035,0.057,0.637,100
Lepok/Ubi rumput,Snack,1.81,0.027999999999999997,0.012,0.39799999999999996,100
Lilin bungkus gedi,Lauk Nabati,0.79,0.023,0.052000000000000005,0.057999999999999996,100
"Lobak, segar",Sayuran,0.21,0.009000000000000001,0.001,0.042,100
Loka anjoro,Snack,1.63,0.011000000000000001,0.043,0.3,100
"Lokan, segar",Lauk hewani,2.17,0.11,0.017,0.051,100
"Lontar, segar",Buah,0.27,0.004,0.002,0.06,100
"Lumai/Leunca, segar",Sayuran,0.38,0.011000000000000001,0.003,0.076,100
Lupis ketan,Snack,1.64,0.018000000000000002,0.021,0.345,100
Madu,Bahan olahan,2.94,0.003,0.0,0.795,100
"Maizena, tepung",Makanan Pokok,3.41,0.003,0.0,0.85,100
"Makaroni, mentah",Makanan Pokok,3.53,0.087,0.004,0.787,100
Manan samin,Snack,3.79,0.034,0.18100000000000002,0.506,100
"Mangga benggala, segar",Buah,0.63,0.024,0.004,0.124,100
"Mangga gedung, segar",Buah,0.44,0.006999999999999999,0.002,0.11199999999999999,100
"Mangga golek, segar",Buah,0.63,0.005,0.002,0.16699999999999998,100
"Mangga harumanis, segar",Buah,0.46,0.004,0.002,0.11900000000000001,100
"Mangga indramayu, segar",Buah,0.72,0.008,0.002,0.187,100
"Mangga kopek, segar",Buah,0.56,0.004,0.002,0.146,100
"Mangga kwini, segar",Buah,0.86,0.006999999999999999,0.005,0.198,100
"Mangga manalagi, segar",Buah,1.33,0.01,0.001,0.321,100
"Mangga muda, segar",Buah,0.59,0.005,0.004,0.151,100
"Mangga, segar",Buah,0.52,0.006999999999999999,0.0,0.12300000000000001,100
"Manggis, segar",Buah,0.63,0.006,0.006,0.156,100
Margarin,Bahan olahan,7.2,0.006,0.81,0.004,100
Markisa squash,Bahan olahan,2.17,0.025,0.01,0.496,100
"Markisa squash, BD",Bahan olahan,1.04,0.012,0.005,0.237,100
"Markisa, segar",Buah,1.44,0.035,0.012,0.298,100
Martabak india,Makanan Pokok,1.53,0.045,0.042,0.243,100
Martabak mesir,Makanan Pokok,2.78,0.051,0.086,0.45,100
Masekat,Makanan Pokok,3.69,0.021,0.07,0.741,100
"Matoa, segar",Buah,0.9,0.012,0.001,0.21100000000000002,100
Melase,Bahan olahan,2.76,0.0,0.001,0.71,100
Melinjo emping tebal goreng manis,Snack,4.39,0.1,0.16399999999999998,0.657,100
"Melinjo emping tebal, goreng asin",Snack,4.31,0.111,0.162,0.63,100
Melinjo emping tipis goreng,Snack,4.85,0.115,0.245,0.591,100
"Melinjo, segar",Buah,0.66,0.05,0.006999999999999999,0.133,100
"Melon, segar",Buah,0.37,0.006,0.004,0.078,100
"Menjangan, daging, dendeng, mentah",Lauk Hewani,3.22,0.5579999999999999,0.02,0.22699999999999998,100
Mentega,Bahan olahan,7.42,0.005,0.816,0.013999999999999999,100
"Menteng, segar",Buah,0.65,0.017,0.003,0.161,100
"Merica, kering",Bahan olahan,3.65,0.115,0.068,0.644,100
Mi basah,Makanan Pokok,0.88,0.006,0.033,0.14,100
Mi golosor,Makanan Pokok,0.71,0.002,0.008,0.159,100
Mi kering,Makanan Pokok,3.39,0.1,0.017,0.063,100
Mie aceh rebus,Makanan Pokok,1.13,0.03,0.032,0.18100000000000002,100
Mie ayam,Makanan Pokok,1.02,0.062,0.039,0.105,100
Mie bakso,Makanan Pokok,1.14,0.053,0.03,0.16399999999999998,100
Mie Bendo,Makanan Pokok,3.53,0.003,0.0,0.88,100
Mie celon,Makanan Pokok,1.02,0.03,0.021,0.17800000000000002,100
Mie pangsit basah,Makanan Pokok,1.05,0.059000000000000004,0.049,0.094,100
Mie Sagu,Makanan Pokok,1.9,0.002,0.004,0.465,100
"Minyak hiu, hati",Bahan olahan,9.02,0.0,1.0,0.0,100
Minyak ikan,Bahan olahan,9.02,0.0,1.0,0.0,100
Minyak kacang tanah,Bahan olahan,9.02,0.0,1.0,0.0,100
Minyak kedelai,Bahan olahan,8.83,0.0,0.9990000000000001,0.0,100
Minyak kelapa,Bahan olahan,8.7,0.01,0.98,0.0,100
Minyak kelapa sawit,Bahan olahan,8.84,0.0,1.0,0.0,100
Minyak wijen,Bahan olahan,8.81,0.002,0.997,0.0,100
Minyak zaitun,Bahan olahan,8.84,0.0,1.0,0.0,100
Misoa,Makanan Pokok,3.45,0.085,0.022000000000000002,0.78,100
Model,Lauk hewani,0.79,0.022000000000000002,0.04,0.086,100
Moon tahu,Snack,1.28,0.08,0.1,0.013000000000000001,100
Mostarda metan sawi,Sayuran,0.33,0.023,0.005,0.047,100
Mujahir acar kuning,Lauk hewani,3.3,0.17800000000000002,0.23399999999999999,0.121,100
"Naan maran sapi, masakan",Lauk hewani,4.78,0.38299999999999995,0.33899999999999997,0.051,100
"Nanas palembang, segar",Buah,0.58,0.006999999999999999,0.002,0.133,100
"Nanas, segar",Buah,0.4,0.006,0.003,0.099,100
"Nangka masak pohon, segar",Buah,1.06,0.012,0.003,0.276,100
"Nangka muda, segar",Buah,0.57,0.02,0.004,0.113,100
"Nangka, biji, segar",Buah,1.65,0.042,0.001,0.36700000000000005,100
Nasi,Makanan Pokok,1.8,0.03,0.003,0.39799999999999996,100
Nasi gemuk,Makanan Pokok,1.92,0.038,0.08800000000000001,0.244,100
Nasi gurih,Makanan Pokok,1.9,0.047,0.075,0.26,100
Nasi minyak,Makanan Pokok,2.07,0.035,0.05,0.371,100
Nasi rames,Makanan Pokok,1.55,0.10300000000000001,0.042,0.191,100
Nasi tim,Makanan Pokok,1.2,0.024,0.004,0.26,100
"Nasu likku, masakan",Lauk hewani,1.96,0.145,0.083,0.159,100
Nopia spesial,Snack,3.87,0.053,0.076,0.743,100
Olaholah,Sayuran,0.09,0.021,0.06,0.071,100
Oncom,Lauk Nabati,1.87,0.13,0.06,0.226,100
Oncom ampas kacang hijau,Sayuran,3.76,0.149,0.06,0.657,100
Oncom kacang hijau + singkong,Sayuran,3.51,0.11,0.053,0.659,100
Oncom kacang tanah pepes,Lauk Nabati,1.32,0.127,0.038,0.13699999999999998,100
Ondeonde,Snack,3.36,0.04,0.098,0.579,100
Ongolongol sagu,Snack,1.11,0.003,0.027000000000000003,0.212,100
"Oramu ninahu ndawa olaho, masakan",Lauk hewani,1.17,0.13699999999999998,0.05,0.043,100
Oyek,Makanan Pokok,3.51,0.009000000000000001,0.009000000000000001,0.8490000000000001,100
Padamaran,Snack,1.71,0.039,0.08900000000000001,0.188,100
Paku hinela wulelenggapaya,Sayuran,0.77,0.035,0.046,0.054000000000000006,100
"Pala, biji, kering",Bahan olahan,5.18,0.075,0.364,0.401,100
"Pala, daging, segar",Buah,0.42,0.003,0.002,0.109,100
"Paniki masak santan, masakan",Lauk hewani,4.6,0.285,0.35200000000000004,0.07200000000000001,100
Papeda,Makanan Pokok,0.61,0.002,0.001,0.149,100
Parede baleh,Lauk hewani,0.87,0.105,0.025,0.055,100
"Paria putih, kukus",Sayuran,0.16,0.008,0.002,0.034,100
"Paria putih, segar",Sayuran,0.19,0.01,0.004,0.036000000000000004,100
Pastel,Makanan Pokok,3.07,0.045,0.133,0.424,100
Pelecing kangkung,Sayuran,0.75,0.025,0.027999999999999997,0.1,100
"Pelolah manuk, masakan",Lauk hewani,2.19,0.19699999999999998,0.136,0.044000000000000004,100
Pempek adaan,Lauk hewani,1.62,0.049,0.03,0.278,100
Pempek belida,Lauk hewani,1.56,0.042,0.013999999999999999,0.316,100
Pempek kapal selam,Lauk hewani,1.52,0.045,0.023,0.282,100
Pempek kelesan,Lauk hewani,2.11,0.12300000000000001,0.061,0.266,100
Pempek kulit,Lauk hewani,2.43,0.052000000000000005,0.073,0.391,100
Pempek telur,Lauk hewani,1.56,0.047,0.027000000000000003,0.28300000000000003,100
Pempek tenggiri,Lauk hewani,1.73,0.07200000000000001,0.012,0.33399999999999996,100
Pencok lele,Lauk hewani,3.72,0.078,0.363,0.035,100
"Penyu, serapah, masakan",Lauk hewani,1.74,0.131,0.122,0.022000000000000002,100
"Pepare ular, segar",Sayuran,0.19,0.006,0.001,0.039,100
"Pepaya muda, segar",Buah,0.29,0.021,0.001,0.049,100
"Pepaya, segar",Buah,0.46,0.005,0.12,0.122,100
Pepea oncom ampas tahu,Sayuran,0.76,0.052000000000000005,0.018000000000000002,0.106,100
"Petai, segar",Sayuran,0.92,0.054000000000000006,0.011000000000000001,0.152,100
"Peterseli, segar",Sayuran,0.53,0.037000000000000005,0.01,0.09,100
Petis ikan,Bahan olahan,1.65,0.2,0.002,0.20800000000000002,100
Petis udang kering,Bahan olahan,3.45,0.23800000000000002,0.013999999999999999,0.593,100
Petis udang pasta,Bahan olahan,2.2,0.15,0.009000000000000001,0.38,100
Pinda,Lauk nabati,1.07,0.159,0.006,0.004,100
Pindang kenari,Lauk hewani,1.24,0.095,0.096,0.0,100
"Pisang ambon, segar",Buah,1.08,0.01,0.008,0.243,100
"Pisang angleng (pisang ampyang), segar",Buah,0.68,0.013000000000000001,0.002,0.172,100
"Pisang ayam, segar",Buah,1.2,0.011000000000000001,0.002,0.268,100
"Pisang gapi, segar",Buah,1.31,0.016,0.001,0.311,100
"Pisang goroho, segar",Buah,1.19,0.015,0.002,0.27899999999999997,100
"Pisang hijau, segar",Buah,1.21,0.01,0.001,0.289,100
"Pisang kayu, segar",Buah,1.0,0.013999999999999999,0.005,0.23600000000000002,100
"Pisang kepok, segar",Buah,1.09,0.008,0.005,0.263,100
"Pisang ketip, segar",Buah,1.45,0.011000000000000001,0.003,0.345,100
"Pisang kidang, segar",Buah,0.96,0.01,0.002,0.225,100
"Pisang lampung, segar",Buah,0.99,0.013000000000000001,0.002,0.256,100
"Pisang mas bali ampenan, segar",Buah,0.92,0.013999999999999999,0.002,0.21,100
"Pisang mas bali kopang, segar",Buah,1.27,0.013999999999999999,0.002,0.318,100
"Pisang mas, segar",Buah,1.27,0.013999999999999999,0.002,0.336,100
"Pisang raja sereh, segar",Buah,1.08,0.013000000000000001,0.003,0.282,100
"Pisang raja, segar",Buah,1.2,0.012,0.002,0.318,100
"Pisang rotan, segar",Buah,0.98,0.013000000000000001,0.012,0.205,100
"Pisang talas, segar",Buah,1.13,0.012,0.002,0.267,100
Pisang tujuh bulan,Buah,0.94,0.006,0.002,0.225,100
"Pisang ua, segar",Buah,1.28,0.008,0.005,0.302,100
"Pisang uli, segar",Buah,1.34,0.011000000000000001,0.005,0.355,100
"Pucuk lumai/daun leunca, segar",Sayuran,0.33,0.045,0.004,0.027999999999999997,100
Pulut,Snack,2.16,0.026000000000000002,0.031,0.444,100
"Punai, daging, goreng",Lauk Hewani,2.24,0.262,0.113,0.044000000000000004,100
Pundut nasi,Makanan Pokok,1.04,0.019,0.040999999999999995,0.151,100
Purundawa,Sayuran,0.25,0.015,0.005,0.036000000000000004,100
"Purut, segar",Buah,0.76,0.040999999999999995,0.011000000000000001,0.152,100
Putri hijau,Makanan Pokok,1.89,0.054000000000000006,0.021,0.37200000000000005,100
"Putri malu, segar",Sayuran,0.76,0.036000000000000004,0.003,0.146,100
Putri selat,Makanan Pokok,1.63,0.022000000000000002,0.065,0.23800000000000002,100
Putu sopa,Makanan Pokok,2.15,0.033,0.040999999999999995,0.41100000000000003,100
"Rajungan, segar",Lauk hewani,0.76,0.121,0.02,0.024,100
"Rambutan binjai, segar",Buah,0.76,0.005,0.002,0.18,100
"Rambutan, segar",Buah,0.69,0.009000000000000001,0.001,0.18100000000000002,100
Rasbi (Beras Ubi),Makanan Pokok,3.94,0.022000000000000002,0.08800000000000001,0.7659999999999999,100
Rasi (Beras Singkong),Makanan Pokok,3.5,0.009000000000000001,0.004,0.857,100
"Rawon, masakan",Lauk hewani,0.6,0.054000000000000006,0.025,0.04,100
"Rebon, kering, mentah",Lauk hewani,2.99,0.594,0.036000000000000004,0.032,100
"Rebon, udang kecil, segar",Lauk hewani,0.81,0.162,0.012,0.006999999999999999,100
"Rebung laut, mentah",Lauk hewani,3.2,0.07200000000000001,0.042,0.633,100
"Rebung, segar",Sayuran,0.25,0.008,0.001,0.053,100
Rempeyek kacang tanah,Snack,5.13,0.175,0.325,0.44299999999999995,100
Rempeyek kacang tolo,Snack,4.51,0.11199999999999999,0.20199999999999999,0.597,100
Rempeyek kacang uci,Snack,4.97,0.17,0.276,0.508,100
"Rendang sapi, masakan",Lauk hewani,1.93,0.226,0.079,0.078,100
Renggi goreng,Makanan Pokok,4.71,0.047,0.218,0.6409999999999999,100
Ricarica taipa,Lauk Hewani,0.49,0.016,0.003,0.1,100
"Rimbang, segar",Sayuran,0.75,0.016,0.006,0.158,100
Roti boong,Snack,3.41,0.055,0.162,0.433,100
Roti putih,Makanan Pokok,2.48,0.08,0.012,0.5,100
Roti warna sawo matang,Snack,2.49,0.079,0.015,0.49700000000000005,100
Rujak aceh,Lauk Nabati,0.82,0.004,0.003,0.19699999999999998,100
Rujak cingur,Sayuran,1.53,0.113,0.084,0.08,100
Rumput laut,Lauk Nabati,0.41,0.013999999999999999,0.003,0.081,100
"Rusa, daging, dendeng, mentah",Lauk Hewani,5.36,0.405,0.415,0.0,100
Rusip,Lauk nabati,1.1,0.115,0.02,0.11699999999999999,100
Saboko gurita,Lauk hewani,0.87,0.157,0.015,0.026000000000000002,100
Saboko saltan,Lauk hewani,1.13,0.171,0.036000000000000004,0.03,100
Saboko sardin,Lauk hewani,1.1,0.129,0.043,0.049,100
"Saga merah terkupas, mentah",Buah,4.49,0.306,0.255,0.319,100
"Sagu aren, kering",Snack,3.55,0.006,0.011000000000000001,0.856,100
"Sagu aren, segar",Snack,2.31,0.006,0.002,0.5660000000000001,100
Sagu forno,Makanan Pokok,2.91,0.005,0.04,0.634,100
Sagu kasbi segar,Snack,2.3,0.006,0.002,0.565,100
Sagu Lemak (Kue Sagon),Snack,4.52,0.027999999999999997,0.14800000000000002,0.768,100
Sagu lempeng,Snack,3.47,0.009000000000000001,0.003,0.852,100
Sagu manis,Snack,2.87,0.005,0.039,0.624,100
Sagu Rendang,Makanan Pokok,3.64,0.001,0.002,0.905,100
"Sagu singkong, kering",Makanan Pokok,3.62,0.005,0.003,0.8690000000000001,100
Sagu sinole,Snack,3.54,0.008,0.083,0.6890000000000001,100
"Salak bali, segar",Buah,0.57,0.005,0.001,0.136,100
"Salak medan, segar",Buah,0.55,0.004,0.002,0.128,100
"Salak pondoh, segar",Buah,0.87,0.008,0.004,0.201,100
"Salak, segar",Buah,0.77,0.004,0.0,0.209,100
Sale kesemek,Snack,2.96,0.011000000000000001,0.006,0.7140000000000001,100
Sale pisang siam,Snack,2.81,0.024,0.006999999999999999,0.6609999999999999,100
"Sale pisang, cilacap",Snack,2.95,0.023,0.021,0.669,100
Sanggara belanda,Snack,2.42,0.064,0.071,0.382,100
Santan (dengan air),Bahan olahan,1.22,0.02,0.1,0.076,100
Santan murni,Bahan olahan,3.24,0.042,0.34299999999999997,0.055999999999999994,100
Saos tomat,Bahan olahan,1.1,0.02,0.004,0.245,100
"Sapi, abon",Snack,2.12,0.18,0.106,0.593,100
"Sapi, abon, asli",Snack,3.58,0.146,0.161,0.386,100
"Sapi, babat, segar",Lauk Hewani,1.08,0.17600000000000002,0.042,0.0,100
"Sapi, daging, asap",Lauk Hewani,1.82,0.32,0.06,0.0,100
"Sapi, daging, dendeng, mentah",Lauk Hewani,3.01,0.55,0.09,0.0,100
"Sapi, daging, gemuk, segar",Lauk Hewani,2.73,0.175,0.22,0.0,100
"Sapi, daging, kornet",Snack,2.89,0.16,0.25,0.0,100
"Sapi, daging, kurus, segar",Lauk Hewani,1.74,0.196,0.1,0.0,100
"Sapi, daging, lemak sedang, segar",Lauk Hewani,2.01,0.188,0.14,0.0,100
"Sapi, daging, sosis (Worst)",Snack,4.48,0.145,0.423,0.023,100
"Sapi, daleman, segar",Lauk Hewani,1.83,0.12,0.14400000000000002,0.013999999999999999,100
"Sapi, ginjal, segar",Lauk Hewani,1.37,0.15,0.081,0.009000000000000001,100
"Sapi, hati, sosis (liverworst)",Snack,2.74,0.16,0.22,0.03,100
"Sapi, keleponan, segar",Lauk Hewani,0.84,0.105,0.046,0.002,100
"Sapi, liver, segar",Lauk Hewani,1.32,0.19699999999999998,0.032,0.06,100
"Sapi, otak, segar",Lauk Hewani,1.23,0.10400000000000001,0.086,0.008,100
"Sapi, paru, dendeng, mentah",Lauk Hewani,3.6,0.573,0.06,0.192,100
"Sapi, paru, goreng",Lauk Hewani,2.68,0.239,0.127,0.145,100
"Sapi, usus, segar",Lauk Hewani,1.26,0.14,0.07200000000000001,0.015,100
Sardines dalam kaleng,Lauk hewani,3.38,0.21100000000000002,0.27,0.01,100
"Saridele, bubuk",Lauk Nabati,3.44,0.3,0.2,0.43,100
Sarimuka,Snack,1.66,0.023,0.027999999999999997,0.32899999999999996,100
Sate Bandeng,Lauk hewani,2.83,0.121,0.168,0.209,100
"Sate pusut, masakan",Lauk hewani,2.74,0.129,0.18600000000000003,0.136,100
"Sate, penyu, masakan",Lauk hewani,1.79,0.225,0.035,0.133,100
"Sawi putih / pecai, segar",Sayuran,0.09,0.01,0.001,0.017,100
"Sawi taiwan, segar",Sayuran,0.3,0.019,0.005,0.044000000000000004,100
"Sawi tanah, segar",Sayuran,0.19,0.013000000000000001,0.002,0.028999999999999998,100
"Sawi, segar",Sayuran,0.28,0.023,0.003,0.04,100
"Sawo duren, segar",Buah,0.64,0.01,0.031,0.08,100
"Sawo kecik, segar",Buah,1.11,0.009000000000000001,0.023,0.21600000000000003,100
"Sawo Manila, segar",Buah,0.92,0.005,0.011000000000000001,0.22399999999999998,100
Sayur asem,Sayuran,0.29,0.006999999999999999,0.006,0.05,100
Sayur bunga pepaya,Sayuran,0.49,0.017,0.003,0.098,100
Sayur garu,Sayuran,1.78,0.026000000000000002,0.139,0.106,100
Sayur kohukohu,Sayuran,1.33,0.073,0.066,0.11199999999999999,100
Sayur lebui,Sayuran,0.64,0.021,0.006,0.125,100
Sayur lilinterubuk,Sayuran,0.36,0.027000000000000003,0.006999999999999999,0.048,100
Sayur ndusuk,Sayuran,0.49,0.031,0.025,0.036000000000000004,100
Sayur sop,Sayuran,0.27,0.013000000000000001,0.02,0.01,100
Sayur umbut kelapa,Sayuran,0.67,0.052000000000000005,0.028999999999999998,0.051,100
Sayur umbut rotan,Sayuran,0.57,0.054000000000000006,0.026000000000000002,0.031,100
"Selada air, segar",Sayuran,0.17,0.031,0.002,0.022000000000000002,100
"Selada, rebus",Sayuran,0.19,0.027000000000000003,0.002,0.028999999999999998,100
"Selada, segar",Sayuran,0.18,0.012,0.002,0.028999999999999998,100
"Seledri, segar",Sayuran,0.23,0.01,0.001,0.046,100
"Semangka, segar",Buah,0.28,0.005,0.002,0.069,100
Semur jengkol,Lauk Nabati,2.12,0.06,0.1,0.29100000000000004,100
"Sente, talas, segar",Makanan Pokok,3.53,0.006999999999999999,0.002,0.847,100
Sepi,Lauk hewani,0.88,0.079,0.016,0.106,100
Serimping talas kebumen,Snack,4.78,0.025,0.212,0.6920000000000001,100
Shabushabu,Lauk Hewani,0.88,0.032,0.08,0.008,100
"Sie reuboh, masakan",Lauk hewani,4.74,0.11199999999999999,0.425,0.11699999999999999,100
"Sirsak, segar",Buah,0.65,0.01,0.003,0.163,100
Sirup,Bahan olahan,2.13,0.0,0.0,0.55,100
Sirup pirous,Bahan olahan,2.28,0.002,0.004,0.5589999999999999,100
"Sop buntut, masakan",Lauk hewani,0.71,0.075,0.036000000000000004,0.022000000000000002,100
"Sop daging sapi, masakan",Lauk hewani,0.49,0.057999999999999996,0.005,0.053,100
"Sop kaki sapi, masakan",Lauk hewani,0.68,0.09,0.019,0.037000000000000005,100
"Sop kambing, masakan",Lauk hewani,0.34,0.055,0.008,0.011000000000000001,100
"Sop konro, masakan",Lauk hewani,0.71,0.07400000000000001,0.026000000000000002,0.045,100
"Sop saudara, masakan",Lauk hewani,0.89,0.07200000000000001,0.05,0.039,100
"Soto bandung, masakan",Lauk hewani,0.42,0.039,0.017,0.027999999999999997,100
"Soto banjar, masakan",Lauk hewani,1.1,0.028999999999999998,0.095,0.032,100
"Soto betawi, masakan",Lauk hewani,1.35,0.025,0.08800000000000001,0.115,100
"Soto jeroan, masakan",Lauk hewani,0.92,0.11800000000000001,0.043,0.013999999999999999,100
"Soto kudus, masakan",Lauk hewani,0.38,0.026000000000000002,0.023,0.018000000000000002,100
"Soto madura, masakan",Lauk hewani,0.6,0.035,0.045,0.013000000000000001,100
"Soto padang, masakan",Lauk hewani,1.27,0.059000000000000004,0.066,0.11,100
"Soto pekalongan, masakan",Lauk hewani,0.94,0.03,0.068,0.051,100
"Soto pemalang, masakan",Lauk hewani,0.75,0.036000000000000004,0.052000000000000005,0.035,100
"Soto sukaraja, masakan",Lauk hewani,0.8,0.032,0.035,0.09,100
"Soto sulung, masakan",Lauk hewani,0.86,0.023,0.085,0.0,100
"Sowa, segar",Buah,0.48,0.016,0.006,0.091,100
Spaghetti,Makanan Pokok,1.39,0.07400000000000001,0.021,0.226,100
Srikaya ketan,Snack,2.65,0.027000000000000003,0.064,0.491,100
"Srikaya, segar",Buah,0.63,0.011000000000000001,0.005,0.139,100
"Sukiyaki, masakan",Lauk hewani,0.75,0.055999999999999994,0.004,0.122,100
"Sukun muda, segar",Buah,1.19,0.013999999999999999,0.002,0.281,100
"Sukun tua, segar",Buah,1.26,0.016,0.002,0.245,100
Sunduk lawang,Makanan Pokok,1.81,0.019,0.013000000000000001,0.324,100
"Susu asam untuk bayi, bubuk",Bahan olahan,4.18,0.19,0.09,0.655,100
Susu bubuk,Bahan olahan,5.13,0.24600000000000002,0.3,0.36200000000000004,100
Susu ibu  ASI,Bahan olahan,0.62,0.015,0.032,0.07,100
Susu kambing,Bahan olahan,0.64,0.043,0.023,0.066,100
Susu kedelai,Lauk Nabati,0.41,0.035,0.025,0.05,100
Susu kental manis,Bahan olahan,3.43,0.08199999999999999,0.1,0.55,100
Susu kental tak manis,Bahan olahan,1.38,0.07,0.079,0.099,100
Susu kerbau,Bahan olahan,1.6,0.063,0.12,0.071,100
Susu kuda,Bahan olahan,0.4,0.02,0.011000000000000001,0.054000000000000006,100
Susu sapi,Bahan olahan,0.61,0.032,0.035,0.043,100
Susu skim,Bahan olahan,3.59,0.35600000000000004,0.01,0.52,100
"Susu skim, bubuk",Bahan olahan,0.36,0.035,0.001,0.051,100
"Suweg, talas, kukus",Makanan Pokok,0.93,0.015,0.001,0.21899999999999997,100
"Suweg, talas, segar",Makanan Pokok,0.74,0.013999999999999999,0.001,0.172,100
Suwirsuwir,Snack,3.47,0.005,0.009000000000000001,0.8420000000000001,100
Tahu goreng,Lauk Nabati,1.15,0.09699999999999999,0.085,0.025,100
Tahu telur,Lauk Nabati,3.28,0.126,0.19899999999999998,0.24600000000000002,100
"Tahu, mentah",Lauk Nabati,0.8,0.109,0.047,0.008,100
Takwa,Lauk Nabati,1.48,0.138,0.085,0.04,100
"Talas bogor, kukus",Makanan Pokok,1.2,0.015,0.003,0.282,100
"Talas bogor, segar",Makanan Pokok,1.08,0.013999999999999999,0.004,0.25,100
"Talas pontianak, segar",Snack,1.63,0.023,0.005,0.364,100
"Talas viqueque, segar",Snack,1.15,0.018000000000000002,0.005,0.259,100
"Taoge kacang kedelai, segar",Sayuran,0.76,0.09,0.026000000000000002,0.064,100
"Taoge kacang tunggak, segar",Sayuran,0.4,0.05,0.002,0.057999999999999996,100
"Taoge, goreng",Sayuran,0.88,0.032,0.021,0.14,100
"Taoge, seduh",Sayuran,0.28,0.03,0.008,0.04,100
"Taoge, segar",Sayuran,0.34,0.037000000000000005,0.012,0.043,100
Tapai singkong,Snack,1.69,0.013999999999999999,0.003,0.402,100
Tauco,Lauk Nabati,1.84,0.114,0.055,0.222,100
"Tauco cap beruang, cake",Lauk Nabati,3.47,0.07400000000000001,0.052000000000000005,0.6759999999999999,100
"Tauco cap DAS, cake",Lauk Nabati,3.58,0.075,0.043,0.7040000000000001,100
Tauco cap meong,Lauk Nabati,1.59,0.07400000000000001,0.049,0.213,100
Tauji cap singa,Lauk Nabati,2.77,0.091,0.047,0.496,100
"Tebu terubuk (lilin), segar",Sayuran,0.3,0.046,0.004,0.03,100
"Tedong pallu basa, masakan",Lauk hewani,0.83,0.10400000000000001,0.034,0.027999999999999997,100
Teh hijau daun kering,Bahan olahan,3.0,0.28300000000000003,0.048,0.536,100
Teh hitam daun kering,Bahan olahan,2.93,0.245,0.027999999999999997,0.588,100
Teh melati daun kering,Bahan olahan,2.99,0.24100000000000002,0.035,0.59,100
"Tekokak, kering",Lauk Nabati,3.02,0.083,0.017,0.726,100
"Tekokak, segar",Sayuran,0.34,0.02,0.001,0.079,100
Tekwan,Lauk hewani,0.53,0.019,0.009000000000000001,0.094,100
Telur ayam kampung,Lauk hewani,0.5,0.10800000000000001,0.0,0.008,100
Telur ayam ras,Lauk hewani,1.74,0.10800000000000001,0.14,0.012,100
"Telur ayam ras, bagian kuning",Lauk hewani,3.55,0.163,0.319,0.006999999999999999,100
"Telur ayam ras, bagian putih",Lauk hewani,1.54,0.124,0.10800000000000001,0.006999999999999999,100
"Telur ayam, dadar",Lauk hewani,2.51,0.163,0.19399999999999998,0.013999999999999999,100
Telur bebek alabio,Lauk hewani,1.87,0.11800000000000001,0.142,0.03,100
Telur bebek tambak,Lauk hewani,1.87,0.109,0.124,0.079,100
"Telur bebek, asin",Lauk hewani,1.79,0.136,0.133,0.044000000000000004,100
"Telur bebek, bagian kuning",Lauk hewani,3.86,0.17,0.35,0.008,100
"Telur bebek, bagian putih",Lauk hewani,0.54,0.11,0.0,0.008,100
"Telur bebek, dadar",Lauk hewani,3.01,0.2,0.237,0.0,100
Telur burung maleo,Lauk hewani,4.36,0.265,0.363,0.004,100
Telur burung puyuh,Lauk hewani,1.16,0.107,0.07,0.016,100
Telur penyu,Lauk hewani,1.36,0.086,0.10099999999999999,0.027000000000000003,100
Tempe bongkrek,Lauk Nabati,1.19,0.044000000000000004,0.035,0.183,100
Tempe gembus P3G,Lauk Nabati,0.73,0.057,0.013000000000000001,0.10300000000000001,100
Tempe gembus yogya,Lauk Nabati,0.76,0.068,0.006999999999999999,0.106,100
Tempe kacang belimbing,Lauk Nabati,2.12,0.175,0.1,0.129,100
Tempe kedelai + jagung,Lauk Nabati,1.43,0.12,0.055,0.114,100
"Tempe kedelai murni, goreng",Lauk Nabati,3.5,0.245,0.266,0.10400000000000001,100
"Tempe kedelai murni, mentah",Lauk Nabati,2.01,0.20800000000000002,0.08800000000000001,0.135,100
Tempe koro benguk,Lauk Nabati,1.41,0.102,0.013000000000000001,0.23199999999999998,100
Tempe lamtoro,Lauk Nabati,1.28,0.107,0.005,0.213,100
"Tempe lamtoro var, gung dengan kulit",Lauk Nabati,1.46,0.11699999999999999,0.023,0.196,100
"Tempe lamtoro var, gung tanpa kulit",Lauk Nabati,1.31,0.18,0.008,0.13,100
Tempe pasar,Lauk Nabati,1.5,0.14,0.077,0.091,100
Tempe pasar goreng,Lauk Nabati,3.36,0.2,0.28,0.078,100
Tempoya,Bahan olahan,1.1,0.017,0.013000000000000001,0.21899999999999997,100
Tepung Arrowroot,Makanan Pokok,3.55,0.006999999999999999,0.002,0.852,100
Tepung Ganyong,Makanan Pokok,3.53,0.008,0.017,0.836,100
Tepung Gaplek,Makanan Pokok,3.45,0.024,0.004,0.831,100
Tepung hunkwe (pati kacang ijo),Lauk Nabati,3.64,0.045,0.01,0.835,100
Tepung Jalejo,Lauk Nabati,3.88,0.19,0.075,0.612,100
Tepung kacang kedelai,Lauk Nabati,3.47,0.359,0.20600000000000002,0.299,100
"Tepung kentang, kering",Makanan Pokok,3.47,0.003,0.001,0.856,100
Tepung Mocaf,Makanan Pokok,3.5,0.012,0.006,0.85,100
Tepung Pisang,Makanan Pokok,3.38,0.028999999999999998,0.004,0.8059999999999999,100
Tepung Sente,Makanan Pokok,3.26,0.04,0.004,0.767,100
Tepung singkong/ Tapioka,Makanan Pokok,3.63,0.011000000000000001,0.005,0.882,100
Tepung Sukun,Makanan Pokok,3.53,0.028999999999999998,0.005,0.8440000000000001,100
Tepung Tales Beneng,Makanan Pokok,3.32,0.057,0.006,0.7609999999999999,100
Tepung terigu,Makanan Pokok,3.33,0.09,0.01,0.772,100
Tepung Ubi Ungu,Makanan Pokok,3.54,0.027999999999999997,0.006,0.8440000000000001,100
Terasi,Bahan olahan,1.55,0.223,0.028999999999999998,0.099,100
Terasi dobo,Bahan olahan,1.91,0.331,0.036000000000000004,0.066,100
Terasi merah,Bahan olahan,1.74,0.3,0.035,0.055999999999999994,100
Teri belado,Lauk hewani,3.65,0.237,0.223,0.175,100
"Teripang, dendeng mentah",Lauk hewani,4.62,0.391,0.324,0.035,100
"Terong asam, segar",Sayuran,0.37,0.02,0.004,0.063,100
"Terong hintalo, segar",Sayuran,0.45,0.019,0.008,0.075,100
Terong panjang,Sayuran,0.28,0.011000000000000001,0.002,0.055,100
"Terong, segar",Sayuran,0.52,0.021,0.011000000000000001,0.086,100
"Terung belanda, segar",Sayuran,0.52,0.011000000000000001,0.004,0.11199999999999999,100
"Terung bengkulu, segar",Sayuran,0.25,0.021,0.001,0.053,100
"Terung panjang, kukus",Sayuran,0.23,0.018000000000000002,0.001,0.049,100
Tinira ninahu nggaluku,Lauk Nabati,0.33,0.012,0.013000000000000001,0.040999999999999995,100
"Tinoransa, masakan",Lauk hewani,5.16,0.177,0.495,0.0,100
Tipatipa,Snack,3.55,0.062,0.012,0.7979999999999999,100
Tiwul,Makanan Pokok,3.53,0.024,0.011000000000000001,0.8340000000000001,100
Tiwul Instan,Makanan Pokok,3.95,0.032,0.085,0.765,100
"Tomat merah, segar",Buah,0.24,0.013000000000000001,0.005,0.047,100
"Tomat muda, segar",Buah,0.24,0.02,0.006999999999999999,0.033,100
"Tomat, air (sari), segar",Buah,0.2,0.01,0.002,0.035,100
Tumis bandeng,Lauk hewani,1.89,0.113,0.157,0.006,100
Tumis bayam bersantan,Sayuran,0.48,0.013999999999999999,0.042,0.026000000000000002,100
Tumis keumamah,Lauk hewani,3.0,0.145,0.2,0.155,100
Ubi Cilembu,Makanan Pokok,1.86,0.019,0.002,0.44299999999999995,100
"Ubi jalar manis, segar",Snack,0.83,0.015,0.002,0.188,100
"Ubi jalar merah, segar",Snack,1.51,0.016,0.003,0.354,100
"Ubi jalar putih, segar",Snack,0.88,0.004,0.004,0.20600000000000002,100
Ubi jalar tinta/ kemayung kukus,Makanan Pokok,1.65,0.009000000000000001,0.002,0.39799999999999996,100
Ubi jalar tinta/kemayung,Snack,1.08,0.005,0.004,0.256,100
"Ubi jalar, kuning, kukus",Makanan Pokok,1.0,0.006999999999999999,0.003,0.23800000000000002,100
"Ubi jalar, kuning, segar",Snack,1.19,0.005,0.004,0.251,100
"Uceng/ bunga melinjo, segar",Sayuran,0.82,0.057999999999999996,0.013000000000000001,0.11699999999999999,100
"Udang galah, segar",Lauk hewani,0.81,0.165,0.003,0.03,100
"Udang kering, mentah",Lauk hewani,2.78,0.626,0.040999999999999995,0.022000000000000002,100
"Udang papay, mentah",Lauk hewani,2.73,0.478,0.038,0.125,100
"Udang, besar, segar",Lauk hewani,0.56,0.114,0.006,0.012,100
"Udang, segar",Lauk hewani,0.91,0.21,0.002,0.001,100
Ulat sagu segar,Lauk Hewani,2.41,0.057999999999999996,0.21600000000000003,0.057999999999999996,100
"Ulat sagu, panggang",Lauk hewani,3.8,0.11900000000000001,0.303,0.149,100
Uli batatas,Makanan Pokok,1.5,0.011000000000000001,0.04,0.27399999999999997,100
"Umbi Uwi, segar",Sayuran,1.2,0.027999999999999997,0.005,0.823,100
"Umbut kelapa, segar",Sayuran,0.39,0.02,0.002,0.07200000000000001,100
Umbut rotan,Sayuran,0.34,0.024,0.003,0.055,100
"Vigus, segar",Buah,0.44,0.024,0.001,0.083,100
Wajit camilan,Snack,3.03,0.063,0.027000000000000003,0.633,100
Waluh balamak,Sayuran,0.45,0.008,0.009000000000000001,0.081,100
"Wani, segar",Buah,0.74,0.008,0.003,0.171,100
Widaran,Snack,4.24,0.013000000000000001,0.107,0.807,100
"Wijen, mentah",Sayuran,5.68,0.193,0.511,0.18100000000000002,100
Wingko babat,Snack,3.55,0.032,0.151,0.514,100
Woku ubi,Sayuran,1.43,0.031,0.078,0.15,100
"Wortel, kukus",Sayuran,0.37,0.01,0.006,0.083,100
"Wortel, rebus",Sayuran,0.28,0.006999999999999999,0.005,0.063,100
"Wortel, segar",Sayuran,0.36,0.01,0.006,0.079,100
Yangko,Snack,2.54,0.03,0.011000000000000001,0.581,100
Yoghurt,Bahan olahan,0.52,0.033,0.025,0.04,100
